-- Users
INSERT INTO users (user_id, name, email) VALUES
(1, 'Sahil Mandal', 'sahil@example.com'),
(2, 'Ayesha Khan', 'ayesha@example.com');

-- Categories
INSERT INTO categories (category_id, category_name, category_type) VALUES
(1, 'Salary', 'Income'),
(2, 'Freelancing', 'Income'),
(3, 'Groceries', 'Expense'),
(4, 'Rent', 'Expense'),
(5, 'Dining', 'Expense'),
(6, 'Utilities', 'Expense'),
(7, 'Entertainment', 'Expense'),
(8, 'Investment', 'Income');

-- Transactions
INSERT INTO transactions (transaction_id, user_id, transaction_date, amount, category_id, type, payment_method, notes) VALUES
(1, 2, '2024-12-07', 6402.83, 4, 'Expense', 'Cash', 'Sample note 1'),
(2, 2, '2025-04-30', 9619.38, 7, 'Expense', 'Cash', 'Sample note 2'),
(3, 2, '2024-01-29', 8005.08, 6, 'Expense', 'Cash', 'Sample note 3'),
(4, 2, '2024-05-01', 4534.44, 5, 'Expense', 'Cash', 'Sample note 4'),
(5, 2, '2025-06-18', 8835.4, 8, 'Income', 'Cash', 'Sample note 5'),
(6, 2, '2024-04-19', 3933.78, 3, 'Expense', 'UPI', 'Sample note 6'),
(7, 2, '2024-11-21', 39549.71, 2, 'Income', 'Card', 'Sample note 7'),
(8, 1, '2025-06-01', 3452.7, 4, 'Expense', 'Card', 'Sample note 8'),
(9, 1, '2025-04-18', 2797.94, 5, 'Expense', 'Card', 'Sample note 9'),
(10, 1, '2024-10-06', 11113.36, 8, 'Income', 'Card', 'Sample note 10'),
(11, 1, '2024-04-06', 8538.58, 7, 'Expense', 'Cash', 'Sample note 11'),
(12, 1, '2024-05-15', 63437.6, 2, 'Income', 'Bank Transfer', 'Sample note 12'),
(13, 2, '2025-05-07', 72527.09, 1, 'Income', 'Card', 'Sample note 13'),
(14, 2, '2024-09-24', 1744.47, 3, 'Expense', 'Cash', 'Sample note 14'),
(15, 2, '2025-02-21', 4680.17, 8, 'Income', 'Cash', 'Sample note 15'),
(16, 1, '2025-03-18', 1904.64, 5, 'Expense', 'Card', 'Sample note 16'),
(17, 1, '2024-07-04', 8691.61, 3, 'Expense', 'Card', 'Sample note 17'),
(18, 2, '2024-01-13', 2705.67, 5, 'Expense', 'Bank Transfer', 'Sample note 18'),
(19, 2, '2024-08-06', 8006.49, 4, 'Expense', 'Card', 'Sample note 19'),
(20, 2, '2024-04-19', 23447.37, 2, 'Income', 'Bank Transfer', 'Sample note 20'),
(21, 1, '2024-03-24', 9903.92, 3, 'Expense', 'Cash', 'Sample note 21'),
(22, 2, '2024-08-13', 50146.8, 8, 'Income', 'UPI', 'Sample note 22'),
(23, 2, '2024-06-03', 7521.41, 4, 'Expense', 'UPI', 'Sample note 23'),
(24, 1, '2024-08-17', 4810.92, 6, 'Expense', 'UPI', 'Sample note 24'),
(25, 2, '2025-04-09', 3797.06, 6, 'Expense', 'Cash', 'Sample note 25'),
(26, 1, '2025-05-23', 5290.97, 6, 'Expense', 'Card', 'Sample note 26'),
(27, 1, '2024-02-27', 7804.59, 3, 'Expense', 'Cash', 'Sample note 27'),
(28, 1, '2024-09-04', 359.48, 4, 'Expense', 'Bank Transfer', 'Sample note 28'),
(29, 1, '2024-03-14', 76736.69, 1, 'Income', 'UPI', 'Sample note 29'),
(30, 1, '2024-07-05', 66554.1, 1, 'Income', 'UPI', 'Sample note 30'),
(31, 2, '2024-02-14', 2029.58, 4, 'Expense', 'UPI', 'Sample note 31'),
(32, 2, '2025-03-11', 4330.12, 4, 'Expense', 'Bank Transfer', 'Sample note 32'),
(33, 1, '2024-10-10', 5935.87, 5, 'Expense', 'Bank Transfer', 'Sample note 33'),
(34, 1, '2025-04-26', 6308.56, 6, 'Expense', 'UPI', 'Sample note 34'),
(35, 1, '2024-09-23', 6818.4, 7, 'Expense', 'Cash', 'Sample note 35'),
(36, 2, '2024-06-12', 97214.59, 8, 'Income', 'UPI', 'Sample note 36'),
(37, 2, '2024-10-20', 9675.17, 2, 'Income', 'UPI', 'Sample note 37'),
(38, 2, '2025-02-12', 59573.56, 2, 'Income', 'Card', 'Sample note 38'),
(39, 2, '2024-07-16', 4964.01, 5, 'Expense', 'Bank Transfer', 'Sample note 39'),
(40, 2, '2024-06-01', 1244.44, 4, 'Expense', 'Cash', 'Sample note 40'),
(41, 2, '2024-03-12', 4312.45, 3, 'Expense', 'Card', 'Sample note 41'),
(42, 2, '2024-06-02', 9298.5, 4, 'Expense', 'Cash', 'Sample note 42'),
(43, 2, '2024-10-07', 57105.21, 1, 'Income', 'Cash', 'Sample note 43'),
(44, 2, '2025-05-11', 4522.28, 5, 'Expense', 'UPI', 'Sample note 44'),
(45, 2, '2025-03-19', 3355.54, 7, 'Expense', 'Bank Transfer', 'Sample note 45'),
(46, 2, '2025-03-20', 85678.95, 1, 'Income', 'Card', 'Sample note 46'),
(47, 1, '2025-02-17', 93469.89, 2, 'Income', 'Card', 'Sample note 47'),
(48, 1, '2025-05-16', 9885.51, 5, 'Expense', 'Card', 'Sample note 48'),
(49, 2, '2024-11-24', 7523.4, 2, 'Income', 'Cash', 'Sample note 49'),
(50, 1, '2024-06-01', 16730.47, 2, 'Income', 'Cash', 'Sample note 50'),
(51, 1, '2024-12-02', 5077.36, 4, 'Expense', 'Card', 'Sample note 51'),
(52, 2, '2024-11-14', 64327.36, 8, 'Income', 'Card', 'Sample note 52'),
(53, 1, '2025-05-14', 2984.2, 4, 'Expense', 'Card', 'Sample note 53'),
(54, 2, '2024-02-21', 9447.47, 6, 'Expense', 'UPI', 'Sample note 54'),
(55, 1, '2024-08-03', 451.91, 7, 'Expense', 'UPI', 'Sample note 55'),
(56, 1, '2024-11-24', 909.01, 5, 'Expense', 'Bank Transfer', 'Sample note 56'),
(57, 1, '2024-06-15', 49846.09, 8, 'Income', 'UPI', 'Sample note 57'),
(58, 2, '2024-11-16', 15417.17, 1, 'Income', 'Card', 'Sample note 58'),
(59, 2, '2024-09-04', 1363.75, 4, 'Expense', 'UPI', 'Sample note 59'),
(60, 2, '2024-11-14', 2407.64, 7, 'Expense', 'UPI', 'Sample note 60'),
(61, 1, '2024-09-22', 3740.79, 4, 'Expense', 'Card', 'Sample note 61'),
(62, 1, '2025-06-11', 3203.84, 4, 'Expense', 'Bank Transfer', 'Sample note 62'),
(63, 2, '2024-05-29', 3423.92, 3, 'Expense', 'Bank Transfer', 'Sample note 63'),
(64, 2, '2024-11-30', 23961.24, 2, 'Income', 'Bank Transfer', 'Sample note 64'),
(65, 1, '2024-07-06', 62551.48, 1, 'Income', 'Bank Transfer', 'Sample note 65'),
(66, 1, '2024-04-27', 2844.6, 7, 'Expense', 'Bank Transfer', 'Sample note 66'),
(67, 1, '2025-05-30', 3350.71, 4, 'Expense', 'Card', 'Sample note 67'),
(68, 2, '2025-03-16', 6691.99, 3, 'Expense', 'Bank Transfer', 'Sample note 68'),
(69, 1, '2024-12-21', 55992.93, 8, 'Income', 'UPI', 'Sample note 69'),
(70, 2, '2024-01-23', 3606.85, 6, 'Expense', 'Card', 'Sample note 70'),
(71, 1, '2024-07-25', 76401.93, 2, 'Income', 'Card', 'Sample note 71'),
(72, 1, '2025-01-16', 1541.88, 3, 'Expense', 'Bank Transfer', 'Sample note 72'),
(73, 2, '2024-09-19', 3667.62, 4, 'Expense', 'Cash', 'Sample note 73'),
(74, 2, '2025-04-27', 18342.73, 8, 'Income', 'Cash', 'Sample note 74'),
(75, 1, '2024-01-08', 7049.76, 6, 'Expense', 'UPI', 'Sample note 75'),
(76, 1, '2024-06-13', 5290.8, 4, 'Expense', 'Bank Transfer', 'Sample note 76'),
(77, 1, '2024-06-19', 959.61, 6, 'Expense', 'Cash', 'Sample note 77'),
(78, 1, '2024-07-15', 67512.1, 8, 'Income', 'Bank Transfer', 'Sample note 78'),
(79, 2, '2024-10-03', 36194.48, 2, 'Income', 'Bank Transfer', 'Sample note 79'),
(80, 2, '2024-10-03', 8955.2, 1, 'Income', 'Cash', 'Sample note 80'),
(81, 1, '2024-07-22', 60081.29, 8, 'Income', 'Cash', 'Sample note 81'),
(82, 1, '2024-02-04', 3733.56, 7, 'Expense', 'Cash', 'Sample note 82'),
(83, 1, '2024-11-04', 2109.34, 5, 'Expense', 'Bank Transfer', 'Sample note 83'),
(84, 1, '2025-05-20', 96315.28, 2, 'Income', 'UPI', 'Sample note 84'),
(85, 1, '2024-10-21', 40097.89, 1, 'Income', 'Cash', 'Sample note 85'),
(86, 2, '2024-01-04', 6155.71, 6, 'Expense', 'Cash', 'Sample note 86'),
(87, 2, '2024-10-17', 6004.19, 5, 'Expense', 'Cash', 'Sample note 87'),
(88, 2, '2024-05-13', 4906.94, 6, 'Expense', 'Cash', 'Sample note 88'),
(89, 2, '2024-08-21', 2646.71, 5, 'Expense', 'Bank Transfer', 'Sample note 89'),
(90, 1, '2025-01-09', 2549.89, 6, 'Expense', 'Card', 'Sample note 90'),
(91, 1, '2024-12-12', 7967.26, 6, 'Expense', 'Card', 'Sample note 91'),
(92, 2, '2024-12-10', 9593.59, 3, 'Expense', 'Bank Transfer', 'Sample note 92'),
(93, 2, '2025-02-25', 10054.62, 2, 'Income', 'Cash', 'Sample note 93'),
(94, 1, '2025-04-19', 8585.55, 5, 'Expense', 'Bank Transfer', 'Sample note 94'),
(95, 1, '2025-03-17', 2693.61, 7, 'Expense', 'Card', 'Sample note 95'),
(96, 2, '2025-02-10', 20411.91, 1, 'Income', 'UPI', 'Sample note 96'),
(97, 2, '2024-06-12', 4781.28, 7, 'Expense', 'UPI', 'Sample note 97'),
(98, 2, '2025-02-17', 1852.17, 4, 'Expense', 'Bank Transfer', 'Sample note 98'),
(99, 1, '2025-03-28', 10206.76, 1, 'Income', 'Cash', 'Sample note 99'),
(100, 1, '2024-04-04', 6186.67, 4, 'Expense', 'Card', 'Sample note 100'),
(101, 2, '2025-02-17', 8981.39, 4, 'Expense', 'UPI', 'Sample note 101'),
(102, 2, '2024-11-16', 9087.78, 5, 'Expense', 'Cash', 'Sample note 102'),
(103, 1, '2024-09-23', 55477.95, 1, 'Income', 'UPI', 'Sample note 103'),
(104, 2, '2024-01-26', 5550.64, 6, 'Expense', 'UPI', 'Sample note 104'),
(105, 2, '2024-10-01', 45206.82, 1, 'Income', 'UPI', 'Sample note 105'),
(106, 1, '2024-01-19', 31567.01, 8, 'Income', 'Card', 'Sample note 106'),
(107, 2, '2025-05-04', 2190.5, 5, 'Expense', 'Bank Transfer', 'Sample note 107'),
(108, 2, '2025-04-04', 1722.49, 4, 'Expense', 'Bank Transfer', 'Sample note 108'),
(109, 1, '2025-05-23', 2290.26, 3, 'Expense', 'Cash', 'Sample note 109'),
(110, 1, '2024-04-28', 6685.06, 6, 'Expense', 'Cash', 'Sample note 110'),
(111, 2, '2025-04-06', 9106.92, 6, 'Expense', 'Card', 'Sample note 111'),
(112, 1, '2025-01-11', 5989.6, 2, 'Income', 'Cash', 'Sample note 112'),
(113, 2, '2025-04-02', 2799.73, 7, 'Expense', 'Bank Transfer', 'Sample note 113'),
(114, 1, '2024-09-07', 1186.72, 3, 'Expense', 'UPI', 'Sample note 114'),
(115, 1, '2025-02-06', 954.51, 7, 'Expense', 'Card', 'Sample note 115'),
(116, 2, '2024-01-12', 5174.17, 6, 'Expense', 'UPI', 'Sample note 116'),
(117, 1, '2024-08-13', 7427.3, 3, 'Expense', 'Bank Transfer', 'Sample note 117'),
(118, 1, '2025-05-04', 4299.21, 6, 'Expense', 'Card', 'Sample note 118'),
(119, 2, '2024-04-16', 2727.43, 3, 'Expense', 'Cash', 'Sample note 119'),
(120, 2, '2025-01-11', 83687.48, 2, 'Income', 'Bank Transfer', 'Sample note 120'),
(121, 1, '2024-11-14', 59088.53, 8, 'Income', 'Bank Transfer', 'Sample note 121'),
(122, 1, '2024-04-24', 60685.23, 1, 'Income', 'UPI', 'Sample note 122'),
(123, 1, '2025-06-21', 6516.13, 4, 'Expense', 'UPI', 'Sample note 123'),
(124, 2, '2025-05-15', 1589.77, 4, 'Expense', 'Card', 'Sample note 124'),
(125, 2, '2025-03-21', 7411.51, 4, 'Expense', 'Bank Transfer', 'Sample note 125'),
(126, 2, '2024-11-23', 41181.55, 8, 'Income', 'Cash', 'Sample note 126'),
(127, 1, '2024-09-24', 988.64, 3, 'Expense', 'Bank Transfer', 'Sample note 127'),
(128, 2, '2025-01-05', 3312.59, 2, 'Income', 'Cash', 'Sample note 128'),
(129, 1, '2024-06-01', 853.09, 1, 'Income', 'Cash', 'Sample note 129'),
(130, 1, '2024-12-08', 6857.38, 4, 'Expense', 'Card', 'Sample note 130'),
(131, 1, '2025-03-07', 2955.72, 7, 'Expense', 'Bank Transfer', 'Sample note 131'),
(132, 1, '2024-01-22', 66982.09, 2, 'Income', 'Bank Transfer', 'Sample note 132'),
(133, 1, '2024-09-08', 6516.06, 5, 'Expense', 'Card', 'Sample note 133'),
(134, 2, '2024-02-09', 9760.71, 4, 'Expense', 'UPI', 'Sample note 134'),
(135, 1, '2024-12-19', 9341.91, 5, 'Expense', 'UPI', 'Sample note 135'),
(136, 1, '2024-09-11', 9846.39, 6, 'Expense', 'UPI', 'Sample note 136'),
(137, 1, '2024-12-07', 93756.4, 2, 'Income', 'UPI', 'Sample note 137'),
(138, 2, '2025-01-31', 8286.06, 3, 'Expense', 'Cash', 'Sample note 138'),
(139, 1, '2024-06-07', 9724.89, 6, 'Expense', 'Card', 'Sample note 139'),
(140, 2, '2024-04-09', 3714.34, 3, 'Expense', 'Card', 'Sample note 140'),
(141, 2, '2024-06-15', 5009.57, 7, 'Expense', 'Card', 'Sample note 141'),
(142, 2, '2025-03-21', 4406.83, 7, 'Expense', 'UPI', 'Sample note 142'),
(143, 1, '2024-01-23', 8674.68, 4, 'Expense', 'Cash', 'Sample note 143'),
(144, 1, '2025-04-27', 2786.49, 3, 'Expense', 'Bank Transfer', 'Sample note 144'),
(145, 1, '2024-04-16', 6459.53, 3, 'Expense', 'UPI', 'Sample note 145'),
(146, 1, '2024-05-28', 8207.95, 5, 'Expense', 'Card', 'Sample note 146'),
(147, 1, '2024-07-26', 52225.73, 8, 'Income', 'UPI', 'Sample note 147'),
(148, 1, '2024-10-15', 6552.83, 4, 'Expense', 'UPI', 'Sample note 148'),
(149, 1, '2024-09-06', 90841.96, 8, 'Income', 'Cash', 'Sample note 149'),
(150, 1, '2025-04-21', 40835.42, 1, 'Income', 'Bank Transfer', 'Sample note 150'),
(151, 2, '2025-06-01', 9591.04, 8, 'Income', 'Card', 'Sample note 151'),
(152, 2, '2025-01-23', 91090.44, 8, 'Income', 'UPI', 'Sample note 152'),
(153, 2, '2024-06-28', 3771.48, 7, 'Expense', 'Cash', 'Sample note 153'),
(154, 1, '2024-03-06', 7730.43, 7, 'Expense', 'Cash', 'Sample note 154'),
(155, 2, '2024-07-25', 27504.25, 1, 'Income', 'Bank Transfer', 'Sample note 155'),
(156, 2, '2024-11-24', 5625.25, 6, 'Expense', 'UPI', 'Sample note 156'),
(157, 2, '2024-02-24', 2730.56, 4, 'Expense', 'Bank Transfer', 'Sample note 157'),
(158, 1, '2024-05-21', 5208.66, 7, 'Expense', 'Bank Transfer', 'Sample note 158'),
(159, 1, '2025-06-07', 9158.99, 5, 'Expense', 'UPI', 'Sample note 159'),
(160, 1, '2024-09-12', 50343.4, 8, 'Income', 'Bank Transfer', 'Sample note 160'),
(161, 1, '2024-07-27', 9288.85, 3, 'Expense', 'Bank Transfer', 'Sample note 161'),
(162, 2, '2024-12-05', 83197.56, 8, 'Income', 'UPI', 'Sample note 162'),
(163, 1, '2025-01-26', 85113.4, 8, 'Income', 'UPI', 'Sample note 163'),
(164, 1, '2024-12-10', 36621.48, 8, 'Income', 'UPI', 'Sample note 164'),
(165, 1, '2024-03-18', 7288.29, 6, 'Expense', 'Cash', 'Sample note 165'),
(166, 1, '2025-02-13', 64836.25, 8, 'Income', 'Bank Transfer', 'Sample note 166'),
(167, 1, '2024-09-13', 1649.86, 3, 'Expense', 'Card', 'Sample note 167'),
(168, 1, '2024-09-16', 4133.21, 7, 'Expense', 'Cash', 'Sample note 168'),
(169, 1, '2024-11-08', 9762.24, 6, 'Expense', 'Cash', 'Sample note 169'),
(170, 2, '2025-02-14', 95558.54, 8, 'Income', 'UPI', 'Sample note 170'),
(171, 2, '2024-06-27', 24019.2, 2, 'Income', 'UPI', 'Sample note 171'),
(172, 2, '2024-05-04', 7918.59, 7, 'Expense', 'Bank Transfer', 'Sample note 172'),
(173, 1, '2024-08-01', 4818.39, 6, 'Expense', 'Cash', 'Sample note 173'),
(174, 1, '2025-01-22', 23530.26, 1, 'Income', 'Card', 'Sample note 174'),
(175, 2, '2024-05-26', 5195.59, 5, 'Expense', 'Card', 'Sample note 175'),
(176, 1, '2025-04-04', 3135.51, 4, 'Expense', 'UPI', 'Sample note 176'),
(177, 2, '2024-05-01', 14445.31, 2, 'Income', 'UPI', 'Sample note 177'),
(178, 1, '2024-04-15', 7859.76, 7, 'Expense', 'Cash', 'Sample note 178'),
(179, 1, '2025-02-17', 3355.19, 4, 'Expense', 'Cash', 'Sample note 179'),
(180, 1, '2025-03-12', 84480.24, 8, 'Income', 'Card', 'Sample note 180'),
(181, 1, '2024-07-15', 76333.96, 2, 'Income', 'Bank Transfer', 'Sample note 181'),
(182, 1, '2025-01-13', 9961.51, 5, 'Expense', 'Cash', 'Sample note 182'),
(183, 2, '2025-02-09', 2001.15, 4, 'Expense', 'UPI', 'Sample note 183'),
(184, 2, '2025-04-13', 34531.2, 1, 'Income', 'Bank Transfer', 'Sample note 184'),
(185, 2, '2024-06-09', 8291.92, 6, 'Expense', 'Card', 'Sample note 185'),
(186, 2, '2024-07-03', 1537.27, 7, 'Expense', 'Card', 'Sample note 186'),
(187, 2, '2024-01-06', 63661.94, 1, 'Income', 'Card', 'Sample note 187'),
(188, 1, '2024-05-28', 18373.48, 2, 'Income', 'UPI', 'Sample note 188'),
(189, 2, '2025-06-15', 121.19, 3, 'Expense', 'UPI', 'Sample note 189'),
(190, 1, '2024-03-02', 65558.83, 8, 'Income', 'Cash', 'Sample note 190'),
(191, 1, '2024-07-08', 4620.65, 3, 'Expense', 'UPI', 'Sample note 191'),
(192, 2, '2024-11-26', 8547.84, 4, 'Expense', 'Card', 'Sample note 192'),
(193, 2, '2024-10-31', 2427.23, 7, 'Expense', 'Cash', 'Sample note 193'),
(194, 2, '2024-06-28', 72145.36, 1, 'Income', 'Cash', 'Sample note 194'),
(195, 2, '2024-10-09', 51389.6, 8, 'Income', 'Card', 'Sample note 195'),
(196, 2, '2024-07-15', 8139.24, 5, 'Expense', 'Cash', 'Sample note 196'),
(197, 1, '2024-04-29', 94223.99, 1, 'Income', 'UPI', 'Sample note 197'),
(198, 2, '2025-02-13', 6339.1, 4, 'Expense', 'Card', 'Sample note 198'),
(199, 1, '2024-03-02', 8788.7, 5, 'Expense', 'Card', 'Sample note 199'),
(200, 1, '2024-12-26', 5636.61, 5, 'Expense', 'Card', 'Sample note 200'),
(201, 2, '2025-03-18', 4810.57, 3, 'Expense', 'Bank Transfer', 'Sample note 201'),
(202, 2, '2024-01-23', 2328.19, 6, 'Expense', 'Cash', 'Sample note 202'),
(203, 1, '2024-07-10', 4773.67, 4, 'Expense', 'Bank Transfer', 'Sample note 203'),
(204, 2, '2024-03-19', 3053.48, 6, 'Expense', 'Bank Transfer', 'Sample note 204'),
(205, 1, '2024-03-29', 9901.0, 4, 'Expense', 'Cash', 'Sample note 205'),
(206, 1, '2025-02-13', 44577.5, 8, 'Income', 'Card', 'Sample note 206'),
(207, 1, '2024-07-11', 90694.18, 8, 'Income', 'UPI', 'Sample note 207'),
(208, 2, '2025-03-23', 2543.99, 6, 'Expense', 'UPI', 'Sample note 208'),
(209, 1, '2024-05-02', 2908.47, 4, 'Expense', 'UPI', 'Sample note 209'),
(210, 1, '2024-07-19', 40486.11, 1, 'Income', 'Cash', 'Sample note 210'),
(211, 2, '2024-02-21', 92383.87, 8, 'Income', 'Cash', 'Sample note 211'),
(212, 2, '2025-06-24', 7574.54, 4, 'Expense', 'UPI', 'Sample note 212'),
(213, 2, '2024-07-27', 4216.27, 4, 'Expense', 'Cash', 'Sample note 213'),
(214, 2, '2024-07-13', 59016.94, 2, 'Income', 'Card', 'Sample note 214'),
(215, 2, '2024-08-11', 7168.64, 3, 'Expense', 'Card', 'Sample note 215'),
(216, 2, '2024-07-28', 2657.98, 4, 'Expense', 'Cash', 'Sample note 216'),
(217, 2, '2024-03-10', 6867.95, 7, 'Expense', 'Card', 'Sample note 217'),
(218, 1, '2024-09-18', 29991.31, 2, 'Income', 'Bank Transfer', 'Sample note 218'),
(219, 1, '2024-12-06', 79768.25, 1, 'Income', 'UPI', 'Sample note 219'),
(220, 1, '2025-06-10', 7251.35, 7, 'Expense', 'Card', 'Sample note 220'),
(221, 1, '2025-01-28', 7368.59, 6, 'Expense', 'Bank Transfer', 'Sample note 221'),
(222, 2, '2025-03-28', 36709.41, 8, 'Income', 'UPI', 'Sample note 222'),
(223, 2, '2025-02-11', 1561.87, 3, 'Expense', 'Bank Transfer', 'Sample note 223'),
(224, 2, '2024-09-15', 6533.88, 3, 'Expense', 'Bank Transfer', 'Sample note 224'),
(225, 1, '2025-04-30', 6671.28, 7, 'Expense', 'UPI', 'Sample note 225'),
(226, 2, '2025-06-23', 1296.59, 7, 'Expense', 'Bank Transfer', 'Sample note 226'),
(227, 2, '2024-11-15', 4358.7, 5, 'Expense', 'Cash', 'Sample note 227'),
(228, 2, '2025-01-16', 7507.26, 5, 'Expense', 'UPI', 'Sample note 228'),
(229, 2, '2024-11-04', 4263.44, 4, 'Expense', 'UPI', 'Sample note 229'),
(230, 2, '2025-03-18', 4415.59, 6, 'Expense', 'Card', 'Sample note 230'),
(231, 1, '2024-09-03', 1991.37, 6, 'Expense', 'Bank Transfer', 'Sample note 231'),
(232, 1, '2024-03-01', 7939.26, 3, 'Expense', 'Bank Transfer', 'Sample note 232'),
(233, 2, '2024-10-26', 2620.92, 3, 'Expense', 'Card', 'Sample note 233'),
(234, 1, '2025-02-07', 3462.95, 6, 'Expense', 'Card', 'Sample note 234'),
(235, 2, '2025-06-19', 6707.89, 3, 'Expense', 'Bank Transfer', 'Sample note 235'),
(236, 2, '2025-04-15', 51811.89, 8, 'Income', 'Card', 'Sample note 236'),
(237, 1, '2024-10-08', 7676.1, 3, 'Expense', 'Cash', 'Sample note 237'),
(238, 1, '2024-09-16', 81232.84, 2, 'Income', 'UPI', 'Sample note 238'),
(239, 2, '2025-03-24', 1593.8, 6, 'Expense', 'Card', 'Sample note 239'),
(240, 1, '2024-06-02', 50465.8, 1, 'Income', 'Cash', 'Sample note 240'),
(241, 1, '2024-08-20', 8148.5, 4, 'Expense', 'Bank Transfer', 'Sample note 241'),
(242, 2, '2025-01-31', 3957.02, 5, 'Expense', 'Cash', 'Sample note 242'),
(243, 2, '2024-05-25', 5610.67, 3, 'Expense', 'Cash', 'Sample note 243'),
(244, 2, '2025-01-19', 4655.35, 7, 'Expense', 'Cash', 'Sample note 244'),
(245, 1, '2024-12-21', 335.01, 6, 'Expense', 'UPI', 'Sample note 245'),
(246, 2, '2024-12-07', 2418.74, 5, 'Expense', 'Bank Transfer', 'Sample note 246'),
(247, 1, '2024-10-26', 1525.16, 6, 'Expense', 'Bank Transfer', 'Sample note 247'),
(248, 1, '2024-01-12', 96003.56, 1, 'Income', 'UPI', 'Sample note 248'),
(249, 1, '2025-05-21', 64750.43, 8, 'Income', 'Cash', 'Sample note 249'),
(250, 1, '2024-01-06', 62684.47, 8, 'Income', 'Bank Transfer', 'Sample note 250'),
(251, 2, '2025-01-02', 69465.59, 2, 'Income', 'Bank Transfer', 'Sample note 251'),
(252, 2, '2024-09-09', 1103.58, 7, 'Expense', 'UPI', 'Sample note 252'),
(253, 2, '2024-07-18', 7755.38, 4, 'Expense', 'Bank Transfer', 'Sample note 253'),
(254, 2, '2024-04-28', 72959.3, 8, 'Income', 'UPI', 'Sample note 254'),
(255, 1, '2025-04-10', 30090.02, 8, 'Income', 'Cash', 'Sample note 255'),
(256, 2, '2025-05-16', 2159.55, 4, 'Expense', 'UPI', 'Sample note 256'),
(257, 1, '2025-02-07', 1214.93, 6, 'Expense', 'UPI', 'Sample note 257'),
(258, 1, '2024-01-21', 2988.52, 7, 'Expense', 'Bank Transfer', 'Sample note 258'),
(259, 2, '2025-06-13', 44360.73, 8, 'Income', 'UPI', 'Sample note 259'),
(260, 1, '2024-03-06', 4165.78, 7, 'Expense', 'Cash', 'Sample note 260'),
(261, 1, '2024-02-17', 7567.91, 7, 'Expense', 'Bank Transfer', 'Sample note 261'),
(262, 2, '2024-04-01', 36907.66, 2, 'Income', 'Cash', 'Sample note 262'),
(263, 2, '2024-06-16', 5089.18, 3, 'Expense', 'Cash', 'Sample note 263'),
(264, 2, '2024-12-04', 20317.81, 1, 'Income', 'Card', 'Sample note 264'),
(265, 2, '2024-09-20', 40126.17, 8, 'Income', 'UPI', 'Sample note 265'),
(266, 1, '2024-05-24', 6219.98, 4, 'Expense', 'Cash', 'Sample note 266'),
(267, 1, '2025-03-17', 8979.73, 5, 'Expense', 'Card', 'Sample note 267'),
(268, 2, '2025-04-13', 7200.92, 6, 'Expense', 'UPI', 'Sample note 268'),
(269, 1, '2024-05-02', 2168.18, 7, 'Expense', 'UPI', 'Sample note 269'),
(270, 1, '2024-10-24', 9759.35, 3, 'Expense', 'Cash', 'Sample note 270'),
(271, 2, '2024-02-02', 7468.94, 4, 'Expense', 'Cash', 'Sample note 271'),
(272, 1, '2024-01-13', 6458.13, 6, 'Expense', 'Bank Transfer', 'Sample note 272'),
(273, 2, '2024-05-17', 81283.35, 2, 'Income', 'Card', 'Sample note 273'),
(274, 1, '2024-02-27', 33835.81, 2, 'Income', 'UPI', 'Sample note 274'),
(275, 1, '2024-02-14', 452.55, 3, 'Expense', 'UPI', 'Sample note 275'),
(276, 1, '2025-01-17', 86700.93, 8, 'Income', 'UPI', 'Sample note 276'),
(277, 2, '2025-01-08', 6075.44, 4, 'Expense', 'UPI', 'Sample note 277'),
(278, 1, '2024-03-06', 1773.93, 3, 'Expense', 'Bank Transfer', 'Sample note 278'),
(279, 2, '2025-06-17', 9450.71, 4, 'Expense', 'Card', 'Sample note 279'),
(280, 1, '2024-12-16', 3386.37, 7, 'Expense', 'Cash', 'Sample note 280'),
(281, 2, '2025-02-07', 42827.92, 1, 'Income', 'UPI', 'Sample note 281'),
(282, 1, '2025-03-02', 9924.21, 3, 'Expense', 'UPI', 'Sample note 282'),
(283, 1, '2025-06-12', 93707.3, 2, 'Income', 'UPI', 'Sample note 283'),
(284, 1, '2024-01-15', 4027.45, 3, 'Expense', 'Bank Transfer', 'Sample note 284'),
(285, 1, '2025-04-25', 9961.1, 7, 'Expense', 'Card', 'Sample note 285'),
(286, 2, '2024-06-14', 61392.31, 8, 'Income', 'UPI', 'Sample note 286'),
(287, 2, '2025-01-31', 7595.42, 5, 'Expense', 'UPI', 'Sample note 287'),
(288, 2, '2024-07-12', 6654.03, 3, 'Expense', 'Bank Transfer', 'Sample note 288'),
(289, 1, '2025-01-23', 57230.31, 8, 'Income', 'Card', 'Sample note 289'),
(290, 1, '2024-06-25', 51146.52, 2, 'Income', 'UPI', 'Sample note 290'),
(291, 1, '2025-03-25', 7399.67, 4, 'Expense', 'Bank Transfer', 'Sample note 291'),
(292, 1, '2024-02-11', 5233.55, 4, 'Expense', 'UPI', 'Sample note 292'),
(293, 2, '2024-07-23', 6296.64, 1, 'Income', 'UPI', 'Sample note 293'),
(294, 1, '2025-01-10', 77843.43, 2, 'Income', 'Cash', 'Sample note 294'),
(295, 2, '2024-12-10', 8117.17, 6, 'Expense', 'Bank Transfer', 'Sample note 295'),
(296, 1, '2025-06-10', 1397.66, 7, 'Expense', 'Bank Transfer', 'Sample note 296'),
(297, 1, '2025-03-16', 85393.33, 2, 'Income', 'UPI', 'Sample note 297'),
(298, 2, '2024-09-12', 4876.97, 5, 'Expense', 'Cash', 'Sample note 298'),
(299, 1, '2024-12-30', 1200.03, 2, 'Income', 'Cash', 'Sample note 299'),
(300, 2, '2024-07-08', 5023.65, 3, 'Expense', 'Cash', 'Sample note 300'),
(301, 1, '2025-03-09', 5024.07, 1, 'Income', 'Bank Transfer', 'Sample note 301'),
(302, 1, '2024-10-17', 63151.67, 2, 'Income', 'Cash', 'Sample note 302'),
(303, 2, '2025-02-22', 2996.22, 5, 'Expense', 'Cash', 'Sample note 303'),
(304, 1, '2025-03-31', 9941.71, 6, 'Expense', 'UPI', 'Sample note 304'),
(305, 1, '2024-08-24', 8378.56, 4, 'Expense', 'Card', 'Sample note 305'),
(306, 1, '2024-09-29', 95542.13, 1, 'Income', 'Card', 'Sample note 306'),
(307, 1, '2024-07-14', 73366.03, 2, 'Income', 'Bank Transfer', 'Sample note 307'),
(308, 1, '2024-12-24', 3070.36, 4, 'Expense', 'Card', 'Sample note 308'),
(309, 2, '2024-02-29', 6033.65, 6, 'Expense', 'Cash', 'Sample note 309'),
(310, 1, '2025-01-06', 6779.9, 5, 'Expense', 'Card', 'Sample note 310'),
(311, 2, '2024-03-17', 50271.94, 8, 'Income', 'UPI', 'Sample note 311'),
(312, 1, '2025-04-30', 48984.83, 2, 'Income', 'Card', 'Sample note 312'),
(313, 2, '2025-05-02', 82180.56, 2, 'Income', 'Card', 'Sample note 313'),
(314, 1, '2025-05-11', 8471.59, 3, 'Expense', 'Bank Transfer', 'Sample note 314'),
(315, 2, '2024-08-24', 94557.99, 2, 'Income', 'Bank Transfer', 'Sample note 315'),
(316, 2, '2024-05-18', 1536.43, 8, 'Income', 'UPI', 'Sample note 316'),
(317, 1, '2025-06-12', 3119.7, 4, 'Expense', 'UPI', 'Sample note 317'),
(318, 1, '2024-03-22', 8615.15, 4, 'Expense', 'Card', 'Sample note 318'),
(319, 2, '2024-02-07', 7526.09, 3, 'Expense', 'Cash', 'Sample note 319'),
(320, 2, '2024-04-16', 8501.22, 6, 'Expense', 'UPI', 'Sample note 320'),
(321, 1, '2024-01-19', 52170.97, 2, 'Income', 'Bank Transfer', 'Sample note 321'),
(322, 2, '2024-01-24', 887.17, 4, 'Expense', 'Cash', 'Sample note 322'),
(323, 1, '2024-08-20', 8441.04, 5, 'Expense', 'Card', 'Sample note 323'),
(324, 2, '2024-01-18', 44226.22, 2, 'Income', 'Cash', 'Sample note 324'),
(325, 2, '2024-06-29', 7788.44, 7, 'Expense', 'UPI', 'Sample note 325'),
(326, 1, '2024-03-12', 73348.58, 1, 'Income', 'Cash', 'Sample note 326'),
(327, 2, '2024-08-03', 3686.2, 4, 'Expense', 'Card', 'Sample note 327'),
(328, 2, '2024-01-30', 6216.12, 6, 'Expense', 'Bank Transfer', 'Sample note 328'),
(329, 2, '2024-11-27', 4317.47, 5, 'Expense', 'Cash', 'Sample note 329'),
(330, 2, '2024-03-03', 7682.18, 6, 'Expense', 'UPI', 'Sample note 330'),
(331, 1, '2024-04-11', 1289.37, 6, 'Expense', 'Bank Transfer', 'Sample note 331'),
(332, 1, '2024-10-30', 7352.91, 7, 'Expense', 'Bank Transfer', 'Sample note 332'),
(333, 1, '2025-06-08', 2281.84, 4, 'Expense', 'Cash', 'Sample note 333'),
(334, 2, '2024-08-02', 67523.22, 8, 'Income', 'Bank Transfer', 'Sample note 334'),
(335, 1, '2024-02-06', 91417.74, 1, 'Income', 'Bank Transfer', 'Sample note 335'),
(336, 1, '2024-03-15', 97655.61, 2, 'Income', 'Card', 'Sample note 336'),
(337, 1, '2024-11-05', 7076.05, 5, 'Expense', 'Bank Transfer', 'Sample note 337'),
(338, 1, '2025-06-18', 35470.2, 2, 'Income', 'Card', 'Sample note 338'),
(339, 2, '2024-05-01', 5079.2, 5, 'Expense', 'Card', 'Sample note 339'),
(340, 2, '2025-02-05', 21242.6, 1, 'Income', 'Card', 'Sample note 340'),
(341, 2, '2024-01-01', 180.91, 6, 'Expense', 'UPI', 'Sample note 341'),
(342, 1, '2025-04-02', 3424.2, 5, 'Expense', 'Cash', 'Sample note 342'),
(343, 2, '2024-05-24', 28509.45, 1, 'Income', 'Cash', 'Sample note 343'),
(344, 1, '2024-07-02', 5351.83, 3, 'Expense', 'Cash', 'Sample note 344'),
(345, 2, '2024-03-17', 3674.86, 5, 'Expense', 'Card', 'Sample note 345'),
(346, 1, '2024-11-21', 3236.69, 3, 'Expense', 'UPI', 'Sample note 346'),
(347, 2, '2024-04-05', 38716.43, 1, 'Income', 'UPI', 'Sample note 347'),
(348, 2, '2025-06-09', 9118.2, 4, 'Expense', 'Card', 'Sample note 348'),
(349, 1, '2024-01-20', 44556.14, 1, 'Income', 'UPI', 'Sample note 349'),
(350, 2, '2024-02-10', 141.08, 5, 'Expense', 'Bank Transfer', 'Sample note 350'),
(351, 1, '2024-09-06', 56262.22, 2, 'Income', 'UPI', 'Sample note 351'),
(352, 2, '2025-03-22', 1784.08, 5, 'Expense', 'Cash', 'Sample note 352'),
(353, 1, '2024-11-20', 9091.94, 4, 'Expense', 'Bank Transfer', 'Sample note 353'),
(354, 1, '2025-05-03', 758.25, 7, 'Expense', 'Card', 'Sample note 354'),
(355, 2, '2024-02-28', 5187.51, 7, 'Expense', 'UPI', 'Sample note 355'),
(356, 1, '2024-06-10', 7462.92, 6, 'Expense', 'Card', 'Sample note 356'),
(357, 2, '2024-04-19', 30559.55, 2, 'Income', 'Bank Transfer', 'Sample note 357'),
(358, 2, '2024-09-05', 1090.84, 5, 'Expense', 'UPI', 'Sample note 358'),
(359, 1, '2024-05-25', 9315.68, 3, 'Expense', 'Bank Transfer', 'Sample note 359'),
(360, 1, '2025-02-04', 6974.48, 3, 'Expense', 'UPI', 'Sample note 360'),
(361, 1, '2024-08-22', 66192.37, 1, 'Income', 'Card', 'Sample note 361'),
(362, 2, '2024-04-11', 2486.25, 7, 'Expense', 'Card', 'Sample note 362'),
(363, 2, '2025-05-17', 86612.55, 1, 'Income', 'Card', 'Sample note 363'),
(364, 1, '2025-04-24', 9213.68, 7, 'Expense', 'Bank Transfer', 'Sample note 364'),
(365, 1, '2024-06-22', 4299.52, 4, 'Expense', 'Bank Transfer', 'Sample note 365'),
(366, 1, '2024-06-01', 2231.31, 2, 'Income', 'Cash', 'Sample note 366'),
(367, 2, '2024-08-11', 23283.82, 8, 'Income', 'Cash', 'Sample note 367'),
(368, 1, '2024-11-03', 4155.29, 7, 'Expense', 'Card', 'Sample note 368'),
(369, 2, '2025-03-28', 9099.75, 6, 'Expense', 'Bank Transfer', 'Sample note 369'),
(370, 1, '2024-12-01', 9702.98, 5, 'Expense', 'UPI', 'Sample note 370'),
(371, 1, '2025-05-03', 1394.66, 6, 'Expense', 'Cash', 'Sample note 371'),
(372, 1, '2024-10-18', 6966.83, 5, 'Expense', 'Cash', 'Sample note 372'),
(373, 2, '2025-02-14', 4860.69, 3, 'Expense', 'Card', 'Sample note 373'),
(374, 1, '2024-12-16', 5505.28, 3, 'Expense', 'Bank Transfer', 'Sample note 374'),
(375, 1, '2024-07-02', 12879.96, 8, 'Income', 'Card', 'Sample note 375'),
(376, 2, '2024-02-24', 5211.84, 7, 'Expense', 'UPI', 'Sample note 376'),
(377, 2, '2024-03-06', 7547.17, 7, 'Expense', 'Card', 'Sample note 377'),
(378, 1, '2024-01-13', 1414.6, 6, 'Expense', 'Cash', 'Sample note 378'),
(379, 2, '2024-11-10', 1276.94, 4, 'Expense', 'Card', 'Sample note 379'),
(380, 2, '2025-04-20', 8194.93, 5, 'Expense', 'Cash', 'Sample note 380'),
(381, 2, '2024-04-21', 7481.9, 5, 'Expense', 'Cash', 'Sample note 381'),
(382, 1, '2025-01-09', 32939.19, 2, 'Income', 'Cash', 'Sample note 382'),
(383, 1, '2024-10-23', 73667.59, 2, 'Income', 'UPI', 'Sample note 383'),
(384, 2, '2025-05-12', 25713.22, 8, 'Income', 'UPI', 'Sample note 384'),
(385, 2, '2025-05-11', 8451.6, 3, 'Expense', 'Cash', 'Sample note 385'),
(386, 2, '2024-04-15', 19920.28, 1, 'Income', 'UPI', 'Sample note 386'),
(387, 1, '2024-09-01', 1879.93, 5, 'Expense', 'UPI', 'Sample note 387'),
(388, 1, '2025-05-30', 67830.33, 1, 'Income', 'Card', 'Sample note 388'),
(389, 1, '2024-10-20', 56225.93, 2, 'Income', 'UPI', 'Sample note 389'),
(390, 1, '2024-05-16', 51171.1, 1, 'Income', 'UPI', 'Sample note 390'),
(391, 2, '2024-02-22', 492.99, 7, 'Expense', 'Card', 'Sample note 391'),
(392, 1, '2025-04-20', 93475.17, 8, 'Income', 'UPI', 'Sample note 392'),
(393, 2, '2024-12-25', 7336.72, 5, 'Expense', 'Bank Transfer', 'Sample note 393'),
(394, 2, '2024-03-18', 1654.97, 6, 'Expense', 'Card', 'Sample note 394'),
(395, 1, '2025-01-10', 11741.22, 1, 'Income', 'Cash', 'Sample note 395'),
(396, 2, '2024-05-28', 5946.76, 7, 'Expense', 'Cash', 'Sample note 396'),
(397, 2, '2024-02-19', 92177.17, 2, 'Income', 'Cash', 'Sample note 397'),
(398, 1, '2025-03-31', 2510.02, 5, 'Expense', 'Cash', 'Sample note 398'),
(399, 2, '2024-05-10', 42170.28, 1, 'Income', 'UPI', 'Sample note 399'),
(400, 2, '2025-03-09', 1569.53, 5, 'Expense', 'Bank Transfer', 'Sample note 400'),
(401, 2, '2024-08-23', 7019.48, 5, 'Expense', 'Bank Transfer', 'Sample note 401'),
(402, 1, '2025-04-19', 37711.4, 8, 'Income', 'UPI', 'Sample note 402'),
(403, 2, '2024-02-27', 1161.99, 6, 'Expense', 'Card', 'Sample note 403'),
(404, 1, '2025-04-18', 6040.52, 7, 'Expense', 'UPI', 'Sample note 404'),
(405, 2, '2024-01-22', 5781.05, 5, 'Expense', 'UPI', 'Sample note 405'),
(406, 1, '2024-04-30', 84512.1, 8, 'Income', 'Cash', 'Sample note 406'),
(407, 2, '2025-05-11', 5574.91, 7, 'Expense', 'Cash', 'Sample note 407'),
(408, 1, '2024-05-06', 9095.91, 4, 'Expense', 'Bank Transfer', 'Sample note 408'),
(409, 2, '2024-02-07', 92666.95, 2, 'Income', 'Cash', 'Sample note 409'),
(410, 2, '2024-02-02', 7791.98, 8, 'Income', 'Cash', 'Sample note 410'),
(411, 2, '2024-08-26', 209.22, 8, 'Income', 'Bank Transfer', 'Sample note 411'),
(412, 1, '2024-03-04', 9226.17, 6, 'Expense', 'Card', 'Sample note 412'),
(413, 1, '2025-04-10', 8206.41, 7, 'Expense', 'UPI', 'Sample note 413'),
(414, 1, '2024-01-24', 7385.06, 3, 'Expense', 'Card', 'Sample note 414'),
(415, 2, '2025-05-24', 3104.82, 4, 'Expense', 'UPI', 'Sample note 415'),
(416, 2, '2024-06-14', 3877.9, 4, 'Expense', 'Bank Transfer', 'Sample note 416'),
(417, 2, '2025-06-20', 3423.38, 5, 'Expense', 'Bank Transfer', 'Sample note 417'),
(418, 2, '2025-01-23', 56664.02, 8, 'Income', 'Card', 'Sample note 418'),
(419, 1, '2025-04-01', 12678.93, 2, 'Income', 'Bank Transfer', 'Sample note 419'),
(420, 2, '2024-12-09', 2419.09, 5, 'Expense', 'Bank Transfer', 'Sample note 420'),
(421, 1, '2025-05-28', 4208.16, 5, 'Expense', 'Cash', 'Sample note 421'),
(422, 2, '2024-03-17', 32585.02, 1, 'Income', 'Card', 'Sample note 422'),
(423, 1, '2024-10-07', 21840.4, 8, 'Income', 'UPI', 'Sample note 423'),
(424, 1, '2024-12-01', 13908.49, 1, 'Income', 'Cash', 'Sample note 424'),
(425, 2, '2024-01-29', 23683.17, 1, 'Income', 'Bank Transfer', 'Sample note 425'),
(426, 1, '2024-03-11', 1127.28, 6, 'Expense', 'UPI', 'Sample note 426'),
(427, 2, '2024-09-07', 4151.58, 4, 'Expense', 'Cash', 'Sample note 427'),
(428, 2, '2025-04-06', 8195.91, 6, 'Expense', 'UPI', 'Sample note 428'),
(429, 1, '2024-08-02', 49878.96, 8, 'Income', 'UPI', 'Sample note 429'),
(430, 1, '2025-05-02', 45466.92, 8, 'Income', 'Card', 'Sample note 430'),
(431, 1, '2024-03-06', 3764.33, 3, 'Expense', 'UPI', 'Sample note 431'),
(432, 1, '2024-01-13', 35492.18, 1, 'Income', 'Card', 'Sample note 432'),
(433, 2, '2024-03-16', 6559.39, 3, 'Expense', 'UPI', 'Sample note 433'),
(434, 2, '2024-09-06', 167.3, 5, 'Expense', 'Cash', 'Sample note 434'),
(435, 2, '2025-06-12', 7214.82, 3, 'Expense', 'Card', 'Sample note 435'),
(436, 2, '2025-04-17', 3315.37, 2, 'Income', 'UPI', 'Sample note 436'),
(437, 2, '2024-10-21', 709.19, 7, 'Expense', 'Card', 'Sample note 437'),
(438, 2, '2025-02-04', 8613.19, 3, 'Expense', 'Cash', 'Sample note 438'),
(439, 1, '2025-04-15', 4460.97, 7, 'Expense', 'UPI', 'Sample note 439'),
(440, 1, '2024-09-24', 5957.24, 4, 'Expense', 'Card', 'Sample note 440'),
(441, 2, '2024-12-08', 42492.27, 8, 'Income', 'Card', 'Sample note 441'),
(442, 2, '2024-04-27', 13670.43, 8, 'Income', 'Cash', 'Sample note 442'),
(443, 2, '2024-07-15', 4747.86, 3, 'Expense', 'Cash', 'Sample note 443'),
(444, 2, '2024-04-16', 2239.23, 5, 'Expense', 'Bank Transfer', 'Sample note 444'),
(445, 2, '2024-06-02', 97717.15, 1, 'Income', 'Bank Transfer', 'Sample note 445'),
(446, 2, '2024-02-01', 4952.9, 6, 'Expense', 'UPI', 'Sample note 446'),
(447, 1, '2024-09-15', 23017.42, 8, 'Income', 'Bank Transfer', 'Sample note 447'),
(448, 2, '2024-07-01', 3615.22, 7, 'Expense', 'UPI', 'Sample note 448'),
(449, 2, '2025-02-05', 2097.65, 5, 'Expense', 'Bank Transfer', 'Sample note 449'),
(450, 2, '2024-01-08', 28540.49, 1, 'Income', 'Bank Transfer', 'Sample note 450'),
(451, 1, '2024-06-01', 39021.65, 1, 'Income', 'UPI', 'Sample note 451'),
(452, 2, '2024-11-21', 4780.01, 6, 'Expense', 'UPI', 'Sample note 452'),
(453, 2, '2024-09-12', 5661.81, 5, 'Expense', 'Bank Transfer', 'Sample note 453'),
(454, 2, '2024-05-11', 92946.12, 8, 'Income', 'Card', 'Sample note 454'),
(455, 2, '2025-05-02', 1061.06, 4, 'Expense', 'UPI', 'Sample note 455'),
(456, 1, '2025-01-30', 58639.95, 1, 'Income', 'Bank Transfer', 'Sample note 456'),
(457, 2, '2025-04-04', 64489.89, 8, 'Income', 'UPI', 'Sample note 457'),
(458, 2, '2024-06-06', 4372.07, 7, 'Expense', 'UPI', 'Sample note 458'),
(459, 1, '2025-04-24', 560.53, 4, 'Expense', 'UPI', 'Sample note 459'),
(460, 1, '2024-02-18', 5355.71, 6, 'Expense', 'Bank Transfer', 'Sample note 460'),
(461, 2, '2024-12-29', 4653.29, 8, 'Income', 'Bank Transfer', 'Sample note 461'),
(462, 1, '2024-09-17', 3608.97, 3, 'Expense', 'Card', 'Sample note 462'),
(463, 1, '2025-02-25', 4257.19, 4, 'Expense', 'Card', 'Sample note 463'),
(464, 1, '2024-08-12', 951.92, 4, 'Expense', 'Card', 'Sample note 464'),
(465, 1, '2024-03-20', 84543.76, 2, 'Income', 'Card', 'Sample note 465'),
(466, 2, '2024-02-20', 16057.0, 1, 'Income', 'Cash', 'Sample note 466'),
(467, 2, '2025-02-25', 9741.35, 3, 'Expense', 'Cash', 'Sample note 467'),
(468, 2, '2024-02-24', 39891.18, 8, 'Income', 'UPI', 'Sample note 468'),
(469, 2, '2024-12-15', 7477.18, 5, 'Expense', 'Cash', 'Sample note 469'),
(470, 1, '2024-06-18', 8896.71, 6, 'Expense', 'Card', 'Sample note 470'),
(471, 1, '2024-08-24', 99414.8, 2, 'Income', 'Cash', 'Sample note 471'),
(472, 1, '2025-05-22', 5571.97, 7, 'Expense', 'UPI', 'Sample note 472'),
(473, 2, '2024-09-27', 20665.25, 8, 'Income', 'UPI', 'Sample note 473'),
(474, 2, '2025-03-28', 1609.38, 5, 'Expense', 'Cash', 'Sample note 474'),
(475, 1, '2025-03-10', 54230.27, 2, 'Income', 'Cash', 'Sample note 475'),
(476, 2, '2024-07-21', 88130.65, 8, 'Income', 'UPI', 'Sample note 476'),
(477, 1, '2024-04-16', 1825.22, 4, 'Expense', 'Bank Transfer', 'Sample note 477'),
(478, 2, '2024-01-18', 2257.9, 5, 'Expense', 'UPI', 'Sample note 478'),
(479, 1, '2025-02-15', 4330.83, 3, 'Expense', 'UPI', 'Sample note 479'),
(480, 2, '2025-06-24', 77643.53, 2, 'Income', 'UPI', 'Sample note 480'),
(481, 1, '2024-10-20', 4310.81, 3, 'Expense', 'Bank Transfer', 'Sample note 481'),
(482, 2, '2024-06-05', 55978.36, 1, 'Income', 'Card', 'Sample note 482'),
(483, 1, '2024-12-04', 2895.93, 5, 'Expense', 'Cash', 'Sample note 483'),
(484, 1, '2024-10-07', 50811.65, 2, 'Income', 'Bank Transfer', 'Sample note 484'),
(485, 2, '2025-04-14', 8124.0, 4, 'Expense', 'Bank Transfer', 'Sample note 485'),
(486, 1, '2024-07-25', 38912.13, 1, 'Income', 'Bank Transfer', 'Sample note 486'),
(487, 2, '2024-07-05', 949.61, 6, 'Expense', 'Bank Transfer', 'Sample note 487'),
(488, 1, '2024-11-06', 9978.75, 3, 'Expense', 'UPI', 'Sample note 488'),
(489, 2, '2024-12-02', 39839.34, 2, 'Income', 'UPI', 'Sample note 489'),
(490, 1, '2024-09-13', 30718.53, 1, 'Income', 'Cash', 'Sample note 490'),
(491, 2, '2024-08-06', 7782.55, 5, 'Expense', 'Card', 'Sample note 491'),
(492, 1, '2024-12-23', 4423.83, 6, 'Expense', 'Bank Transfer', 'Sample note 492'),
(493, 1, '2025-02-15', 7723.94, 6, 'Expense', 'Card', 'Sample note 493'),
(494, 1, '2025-06-06', 26509.34, 1, 'Income', 'Bank Transfer', 'Sample note 494'),
(495, 2, '2024-08-03', 3577.24, 8, 'Income', 'Cash', 'Sample note 495'),
(496, 1, '2024-12-23', 1734.7, 4, 'Expense', 'Bank Transfer', 'Sample note 496'),
(497, 1, '2024-12-28', 6597.19, 7, 'Expense', 'Card', 'Sample note 497'),
(498, 1, '2025-06-22', 33988.4, 8, 'Income', 'UPI', 'Sample note 498'),
(499, 1, '2025-01-13', 43779.73, 1, 'Income', 'Card', 'Sample note 499'),
(500, 2, '2024-12-22', 57806.27, 1, 'Income', 'Cash', 'Sample note 500'),
(501, 2, '2024-10-13', 1297.14, 3, 'Expense', 'UPI', 'Sample note 501'),
(502, 1, '2024-12-09', 140.84, 3, 'Expense', 'Bank Transfer', 'Sample note 502'),
(503, 2, '2025-05-11', 80387.29, 8, 'Income', 'Cash', 'Sample note 503'),
(504, 2, '2025-01-03', 24250.68, 2, 'Income', 'Cash', 'Sample note 504'),
(505, 2, '2025-02-09', 9862.69, 4, 'Expense', 'Cash', 'Sample note 505'),
(506, 1, '2024-03-01', 1793.97, 3, 'Expense', 'Cash', 'Sample note 506'),
(507, 1, '2024-02-03', 24182.07, 2, 'Income', 'UPI', 'Sample note 507'),
(508, 1, '2024-12-01', 8834.39, 6, 'Expense', 'Card', 'Sample note 508'),
(509, 2, '2024-08-27', 6461.17, 7, 'Expense', 'Card', 'Sample note 509'),
(510, 1, '2025-02-23', 81917.94, 2, 'Income', 'UPI', 'Sample note 510'),
(511, 2, '2025-03-22', 5596.37, 7, 'Expense', 'Cash', 'Sample note 511'),
(512, 1, '2025-01-12', 14976.3, 2, 'Income', 'UPI', 'Sample note 512'),
(513, 1, '2025-04-25', 5846.51, 5, 'Expense', 'Cash', 'Sample note 513'),
(514, 2, '2025-05-04', 4340.4, 7, 'Expense', 'Cash', 'Sample note 514'),
(515, 1, '2024-06-21', 7008.62, 3, 'Expense', 'Bank Transfer', 'Sample note 515'),
(516, 1, '2025-04-13', 617.0, 3, 'Expense', 'Bank Transfer', 'Sample note 516'),
(517, 1, '2025-04-30', 5567.64, 5, 'Expense', 'Cash', 'Sample note 517'),
(518, 2, '2024-03-08', 8813.51, 7, 'Expense', 'Card', 'Sample note 518'),
(519, 2, '2024-12-16', 4708.09, 3, 'Expense', 'UPI', 'Sample note 519'),
(520, 2, '2024-09-02', 9332.83, 5, 'Expense', 'Bank Transfer', 'Sample note 520'),
(521, 2, '2024-04-23', 4457.59, 3, 'Expense', 'Cash', 'Sample note 521'),
(522, 2, '2024-06-09', 5337.35, 6, 'Expense', 'Bank Transfer', 'Sample note 522'),
(523, 1, '2024-05-25', 2700.4, 5, 'Expense', 'Card', 'Sample note 523'),
(524, 1, '2025-01-11', 8840.92, 3, 'Expense', 'Bank Transfer', 'Sample note 524'),
(525, 1, '2024-12-27', 7417.7, 6, 'Expense', 'Cash', 'Sample note 525'),
(526, 2, '2024-09-07', 99059.2, 2, 'Income', 'Cash', 'Sample note 526'),
(527, 1, '2024-06-05', 3535.66, 6, 'Expense', 'Bank Transfer', 'Sample note 527'),
(528, 2, '2024-05-08', 5251.85, 5, 'Expense', 'Bank Transfer', 'Sample note 528'),
(529, 1, '2024-09-23', 87118.12, 2, 'Income', 'Bank Transfer', 'Sample note 529'),
(530, 1, '2024-08-22', 40903.18, 8, 'Income', 'Card', 'Sample note 530'),
(531, 2, '2024-08-04', 25364.14, 2, 'Income', 'Bank Transfer', 'Sample note 531'),
(532, 2, '2024-09-16', 7042.19, 3, 'Expense', 'Card', 'Sample note 532'),
(533, 1, '2024-10-20', 2473.7, 2, 'Income', 'Bank Transfer', 'Sample note 533'),
(534, 2, '2024-08-17', 7479.27, 8, 'Income', 'Cash', 'Sample note 534'),
(535, 2, '2025-02-24', 6326.08, 6, 'Expense', 'Bank Transfer', 'Sample note 535'),
(536, 1, '2024-08-03', 5017.91, 3, 'Expense', 'Bank Transfer', 'Sample note 536'),
(537, 2, '2024-01-03', 81126.72, 1, 'Income', 'Bank Transfer', 'Sample note 537'),
(538, 1, '2024-09-01', 7757.32, 7, 'Expense', 'UPI', 'Sample note 538'),
(539, 2, '2024-08-26', 3916.89, 6, 'Expense', 'Card', 'Sample note 539'),
(540, 1, '2024-09-28', 17717.39, 2, 'Income', 'UPI', 'Sample note 540'),
(541, 2, '2024-06-17', 76932.81, 1, 'Income', 'UPI', 'Sample note 541'),
(542, 2, '2024-01-16', 3271.91, 1, 'Income', 'UPI', 'Sample note 542'),
(543, 1, '2025-05-05', 4399.43, 4, 'Expense', 'Card', 'Sample note 543'),
(544, 2, '2025-06-09', 35631.92, 8, 'Income', 'UPI', 'Sample note 544'),
(545, 2, '2024-08-31', 84849.13, 1, 'Income', 'UPI', 'Sample note 545'),
(546, 1, '2024-06-25', 1743.06, 6, 'Expense', 'Card', 'Sample note 546'),
(547, 1, '2024-10-26', 5345.04, 7, 'Expense', 'Card', 'Sample note 547'),
(548, 1, '2024-08-07', 70323.46, 2, 'Income', 'UPI', 'Sample note 548'),
(549, 1, '2024-09-10', 11740.95, 2, 'Income', 'UPI', 'Sample note 549'),
(550, 2, '2025-01-22', 926.39, 7, 'Expense', 'Card', 'Sample note 550'),
(551, 1, '2025-03-17', 7250.95, 4, 'Expense', 'UPI', 'Sample note 551'),
(552, 2, '2024-06-03', 322.04, 3, 'Expense', 'Cash', 'Sample note 552'),
(553, 1, '2025-05-25', 89700.44, 8, 'Income', 'Card', 'Sample note 553'),
(554, 1, '2025-05-28', 58214.36, 1, 'Income', 'UPI', 'Sample note 554'),
(555, 1, '2024-03-12', 46815.34, 1, 'Income', 'Bank Transfer', 'Sample note 555'),
(556, 2, '2024-11-07', 84769.39, 8, 'Income', 'Cash', 'Sample note 556'),
(557, 1, '2024-04-02', 5875.85, 6, 'Expense', 'UPI', 'Sample note 557'),
(558, 1, '2025-05-06', 91792.37, 8, 'Income', 'Card', 'Sample note 558'),
(559, 1, '2024-11-16', 70075.79, 8, 'Income', 'Card', 'Sample note 559'),
(560, 2, '2025-06-03', 5798.14, 7, 'Expense', 'Bank Transfer', 'Sample note 560'),
(561, 1, '2025-01-19', 18006.01, 1, 'Income', 'UPI', 'Sample note 561'),
(562, 1, '2024-01-23', 52879.94, 8, 'Income', 'Card', 'Sample note 562'),
(563, 1, '2025-01-21', 6031.39, 4, 'Expense', 'Card', 'Sample note 563'),
(564, 2, '2024-12-26', 35004.75, 8, 'Income', 'Card', 'Sample note 564'),
(565, 1, '2024-12-20', 61963.39, 1, 'Income', 'Cash', 'Sample note 565'),
(566, 2, '2024-09-23', 8358.74, 5, 'Expense', 'Cash', 'Sample note 566'),
(567, 2, '2024-11-27', 5540.76, 4, 'Expense', 'Bank Transfer', 'Sample note 567'),
(568, 2, '2024-07-23', 7120.81, 7, 'Expense', 'UPI', 'Sample note 568'),
(569, 2, '2024-05-14', 54893.69, 8, 'Income', 'UPI', 'Sample note 569'),
(570, 2, '2025-02-09', 1075.68, 7, 'Expense', 'UPI', 'Sample note 570'),
(571, 2, '2024-12-03', 257.46, 3, 'Expense', 'Card', 'Sample note 571'),
(572, 2, '2024-05-23', 68400.18, 1, 'Income', 'Bank Transfer', 'Sample note 572'),
(573, 2, '2024-03-19', 4097.11, 5, 'Expense', 'Card', 'Sample note 573'),
(574, 1, '2024-02-26', 9031.96, 6, 'Expense', 'Bank Transfer', 'Sample note 574'),
(575, 2, '2025-01-07', 62536.03, 2, 'Income', 'Cash', 'Sample note 575'),
(576, 1, '2025-01-31', 2786.74, 5, 'Expense', 'Cash', 'Sample note 576'),
(577, 1, '2024-12-30', 90281.99, 8, 'Income', 'Card', 'Sample note 577'),
(578, 2, '2024-04-04', 36182.52, 2, 'Income', 'Cash', 'Sample note 578'),
(579, 2, '2024-01-30', 3614.0, 4, 'Expense', 'UPI', 'Sample note 579'),
(580, 1, '2025-02-19', 6094.32, 3, 'Expense', 'UPI', 'Sample note 580'),
(581, 1, '2024-06-15', 2764.57, 4, 'Expense', 'Bank Transfer', 'Sample note 581'),
(582, 2, '2024-03-24', 6537.84, 3, 'Expense', 'Card', 'Sample note 582'),
(583, 2, '2024-05-02', 27532.46, 1, 'Income', 'Bank Transfer', 'Sample note 583'),
(584, 1, '2025-02-24', 30087.98, 2, 'Income', 'Cash', 'Sample note 584'),
(585, 2, '2024-01-12', 3746.59, 5, 'Expense', 'Cash', 'Sample note 585'),
(586, 1, '2024-06-25', 24497.63, 8, 'Income', 'Bank Transfer', 'Sample note 586'),
(587, 2, '2025-03-24', 44114.64, 1, 'Income', 'Bank Transfer', 'Sample note 587'),
(588, 2, '2024-07-01', 77119.79, 8, 'Income', 'Cash', 'Sample note 588'),
(589, 1, '2025-03-24', 35755.04, 1, 'Income', 'Card', 'Sample note 589'),
(590, 2, '2024-03-29', 55801.51, 1, 'Income', 'Cash', 'Sample note 590'),
(591, 2, '2024-10-08', 43174.19, 2, 'Income', 'Bank Transfer', 'Sample note 591'),
(592, 1, '2025-01-24', 38859.77, 1, 'Income', 'Cash', 'Sample note 592'),
(593, 1, '2024-05-22', 58166.11, 8, 'Income', 'UPI', 'Sample note 593'),
(594, 2, '2024-10-07', 9340.05, 3, 'Expense', 'Cash', 'Sample note 594'),
(595, 1, '2025-03-20', 7987.43, 4, 'Expense', 'Card', 'Sample note 595'),
(596, 2, '2025-04-01', 94791.4, 8, 'Income', 'Bank Transfer', 'Sample note 596'),
(597, 1, '2025-02-11', 81343.19, 8, 'Income', 'UPI', 'Sample note 597'),
(598, 1, '2025-01-03', 9031.47, 2, 'Income', 'UPI', 'Sample note 598'),
(599, 2, '2025-02-09', 15387.72, 8, 'Income', 'UPI', 'Sample note 599'),
(600, 1, '2025-02-12', 15005.56, 1, 'Income', 'Cash', 'Sample note 600'),
(601, 2, '2024-04-23', 2306.52, 4, 'Expense', 'UPI', 'Sample note 601'),
(602, 1, '2024-12-30', 34902.41, 1, 'Income', 'Bank Transfer', 'Sample note 602'),
(603, 2, '2024-05-14', 38015.41, 1, 'Income', 'Card', 'Sample note 603'),
(604, 1, '2025-05-26', 402.33, 3, 'Expense', 'Card', 'Sample note 604'),
(605, 1, '2024-05-02', 70237.28, 8, 'Income', 'Cash', 'Sample note 605'),
(606, 1, '2024-10-31', 73648.33, 2, 'Income', 'Bank Transfer', 'Sample note 606'),
(607, 1, '2025-04-17', 1581.83, 7, 'Expense', 'UPI', 'Sample note 607'),
(608, 2, '2025-05-22', 6961.53, 7, 'Expense', 'UPI', 'Sample note 608'),
(609, 2, '2024-04-10', 40510.05, 2, 'Income', 'Card', 'Sample note 609'),
(610, 2, '2025-06-02', 35045.13, 2, 'Income', 'UPI', 'Sample note 610'),
(611, 2, '2024-05-27', 2687.6, 4, 'Expense', 'UPI', 'Sample note 611'),
(612, 2, '2025-03-02', 85393.39, 2, 'Income', 'Cash', 'Sample note 612'),
(613, 1, '2024-04-15', 235.74, 6, 'Expense', 'Bank Transfer', 'Sample note 613'),
(614, 1, '2024-07-24', 57811.68, 1, 'Income', 'Bank Transfer', 'Sample note 614'),
(615, 1, '2024-05-09', 73750.95, 8, 'Income', 'Cash', 'Sample note 615'),
(616, 2, '2025-03-13', 549.74, 6, 'Expense', 'Bank Transfer', 'Sample note 616'),
(617, 2, '2024-07-10', 2943.31, 6, 'Expense', 'Card', 'Sample note 617'),
(618, 1, '2024-12-08', 9986.61, 3, 'Expense', 'UPI', 'Sample note 618'),
(619, 2, '2025-05-02', 52545.96, 1, 'Income', 'Bank Transfer', 'Sample note 619'),
(620, 1, '2024-09-02', 8380.05, 3, 'Expense', 'Card', 'Sample note 620'),
(621, 2, '2024-09-23', 7957.85, 7, 'Expense', 'Bank Transfer', 'Sample note 621'),
(622, 1, '2025-06-10', 56282.41, 2, 'Income', 'UPI', 'Sample note 622'),
(623, 1, '2024-03-19', 7286.55, 6, 'Expense', 'Card', 'Sample note 623'),
(624, 2, '2024-12-14', 11836.65, 2, 'Income', 'Bank Transfer', 'Sample note 624'),
(625, 2, '2025-02-07', 9134.05, 4, 'Expense', 'UPI', 'Sample note 625'),
(626, 1, '2024-12-02', 5906.71, 6, 'Expense', 'Bank Transfer', 'Sample note 626'),
(627, 1, '2024-05-22', 75581.33, 2, 'Income', 'Bank Transfer', 'Sample note 627'),
(628, 1, '2024-04-02', 50795.5, 8, 'Income', 'Cash', 'Sample note 628'),
(629, 2, '2024-08-31', 56481.53, 8, 'Income', 'UPI', 'Sample note 629'),
(630, 1, '2024-01-08', 59880.51, 8, 'Income', 'Cash', 'Sample note 630'),
(631, 1, '2024-05-12', 1880.93, 4, 'Expense', 'Cash', 'Sample note 631'),
(632, 2, '2024-07-20', 3156.71, 3, 'Expense', 'Bank Transfer', 'Sample note 632'),
(633, 1, '2024-05-12', 75014.12, 1, 'Income', 'Card', 'Sample note 633'),
(634, 1, '2024-01-24', 8179.12, 1, 'Income', 'Bank Transfer', 'Sample note 634'),
(635, 1, '2024-11-03', 7933.67, 4, 'Expense', 'Card', 'Sample note 635'),
(636, 2, '2024-08-05', 5199.24, 6, 'Expense', 'UPI', 'Sample note 636'),
(637, 2, '2024-06-01', 7188.98, 6, 'Expense', 'UPI', 'Sample note 637'),
(638, 2, '2024-04-13', 48742.23, 2, 'Income', 'Card', 'Sample note 638'),
(639, 1, '2024-12-27', 5928.58, 5, 'Expense', 'Bank Transfer', 'Sample note 639'),
(640, 2, '2024-10-05', 11773.35, 8, 'Income', 'Cash', 'Sample note 640'),
(641, 1, '2024-04-25', 6508.55, 6, 'Expense', 'Card', 'Sample note 641'),
(642, 1, '2025-05-29', 622.86, 5, 'Expense', 'UPI', 'Sample note 642'),
(643, 2, '2024-08-13', 7285.37, 7, 'Expense', 'Bank Transfer', 'Sample note 643'),
(644, 1, '2024-05-23', 3782.26, 4, 'Expense', 'Bank Transfer', 'Sample note 644'),
(645, 2, '2024-07-29', 5230.82, 8, 'Income', 'Bank Transfer', 'Sample note 645'),
(646, 2, '2025-01-16', 298.78, 3, 'Expense', 'Card', 'Sample note 646'),
(647, 2, '2024-03-01', 38877.78, 2, 'Income', 'Bank Transfer', 'Sample note 647'),
(648, 1, '2024-11-17', 52478.25, 8, 'Income', 'Card', 'Sample note 648'),
(649, 1, '2025-05-06', 48404.36, 2, 'Income', 'Bank Transfer', 'Sample note 649'),
(650, 2, '2024-11-12', 2386.28, 4, 'Expense', 'Cash', 'Sample note 650'),
(651, 1, '2025-02-01', 56435.91, 2, 'Income', 'Card', 'Sample note 651'),
(652, 1, '2024-07-11', 5552.04, 6, 'Expense', 'UPI', 'Sample note 652'),
(653, 2, '2025-04-28', 5557.57, 4, 'Expense', 'Bank Transfer', 'Sample note 653'),
(654, 2, '2024-09-13', 4215.71, 3, 'Expense', 'Cash', 'Sample note 654'),
(655, 2, '2024-04-28', 5757.16, 3, 'Expense', 'Cash', 'Sample note 655'),
(656, 1, '2024-06-24', 5595.06, 4, 'Expense', 'Bank Transfer', 'Sample note 656'),
(657, 2, '2024-09-14', 62163.72, 8, 'Income', 'Card', 'Sample note 657'),
(658, 2, '2024-05-22', 2093.0, 1, 'Income', 'Bank Transfer', 'Sample note 658'),
(659, 1, '2025-04-01', 8684.69, 6, 'Expense', 'Bank Transfer', 'Sample note 659'),
(660, 2, '2024-07-03', 3109.38, 3, 'Expense', 'Card', 'Sample note 660'),
(661, 1, '2025-02-06', 45513.46, 2, 'Income', 'Cash', 'Sample note 661'),
(662, 2, '2025-02-19', 51862.26, 2, 'Income', 'Cash', 'Sample note 662'),
(663, 2, '2024-11-14', 14883.79, 2, 'Income', 'Bank Transfer', 'Sample note 663'),
(664, 1, '2024-11-12', 8085.13, 7, 'Expense', 'UPI', 'Sample note 664'),
(665, 1, '2024-09-11', 7888.02, 5, 'Expense', 'Cash', 'Sample note 665'),
(666, 2, '2025-03-13', 82900.61, 1, 'Income', 'Card', 'Sample note 666'),
(667, 1, '2024-08-20', 62362.83, 1, 'Income', 'Cash', 'Sample note 667'),
(668, 2, '2024-07-25', 9289.9, 5, 'Expense', 'Card', 'Sample note 668'),
(669, 1, '2024-06-08', 1313.29, 7, 'Expense', 'Card', 'Sample note 669'),
(670, 2, '2024-07-19', 8218.94, 4, 'Expense', 'Card', 'Sample note 670'),
(671, 2, '2024-03-23', 46200.58, 2, 'Income', 'Cash', 'Sample note 671'),
(672, 2, '2024-05-18', 27066.01, 1, 'Income', 'Cash', 'Sample note 672'),
(673, 1, '2025-05-06', 5275.97, 5, 'Expense', 'UPI', 'Sample note 673'),
(674, 2, '2024-07-10', 7383.19, 4, 'Expense', 'Card', 'Sample note 674'),
(675, 2, '2024-11-22', 4945.04, 7, 'Expense', 'Cash', 'Sample note 675'),
(676, 2, '2024-07-26', 2648.83, 4, 'Expense', 'UPI', 'Sample note 676'),
(677, 2, '2024-06-29', 62126.99, 1, 'Income', 'Card', 'Sample note 677'),
(678, 2, '2024-07-15', 4954.44, 4, 'Expense', 'UPI', 'Sample note 678'),
(679, 2, '2025-02-02', 96806.93, 8, 'Income', 'UPI', 'Sample note 679'),
(680, 1, '2024-11-18', 462.56, 6, 'Expense', 'Cash', 'Sample note 680'),
(681, 1, '2024-10-27', 6434.35, 7, 'Expense', 'Cash', 'Sample note 681'),
(682, 2, '2024-06-27', 95719.19, 8, 'Income', 'UPI', 'Sample note 682'),
(683, 1, '2024-10-31', 16978.3, 2, 'Income', 'UPI', 'Sample note 683'),
(684, 1, '2025-02-05', 31247.76, 2, 'Income', 'Bank Transfer', 'Sample note 684'),
(685, 1, '2025-06-11', 83911.8, 1, 'Income', 'Card', 'Sample note 685'),
(686, 1, '2025-01-19', 5045.9, 5, 'Expense', 'Cash', 'Sample note 686'),
(687, 2, '2024-02-24', 23649.47, 2, 'Income', 'Card', 'Sample note 687'),
(688, 2, '2024-08-19', 630.23, 3, 'Expense', 'UPI', 'Sample note 688'),
(689, 1, '2024-08-11', 1012.51, 4, 'Expense', 'Cash', 'Sample note 689'),
(690, 1, '2025-02-09', 35527.22, 8, 'Income', 'UPI', 'Sample note 690'),
(691, 1, '2024-08-17', 4527.82, 7, 'Expense', 'Card', 'Sample note 691'),
(692, 2, '2024-08-18', 53693.49, 8, 'Income', 'Card', 'Sample note 692'),
(693, 1, '2024-11-01', 41724.31, 1, 'Income', 'Card', 'Sample note 693'),
(694, 2, '2025-04-27', 2775.57, 6, 'Expense', 'UPI', 'Sample note 694'),
(695, 2, '2024-10-18', 3099.52, 5, 'Expense', 'Card', 'Sample note 695'),
(696, 1, '2025-02-16', 42214.69, 8, 'Income', 'UPI', 'Sample note 696'),
(697, 2, '2025-03-25', 3277.3, 6, 'Expense', 'UPI', 'Sample note 697'),
(698, 1, '2025-01-19', 555.77, 4, 'Expense', 'Card', 'Sample note 698'),
(699, 1, '2025-03-05', 30450.85, 2, 'Income', 'Bank Transfer', 'Sample note 699'),
(700, 2, '2024-05-09', 7714.24, 7, 'Expense', 'Cash', 'Sample note 700'),
(701, 1, '2024-05-05', 2464.41, 4, 'Expense', 'Card', 'Sample note 701'),
(702, 1, '2024-03-01', 21926.1, 8, 'Income', 'UPI', 'Sample note 702'),
(703, 1, '2024-03-08', 358.27, 7, 'Expense', 'UPI', 'Sample note 703'),
(704, 1, '2024-09-15', 5161.57, 4, 'Expense', 'Cash', 'Sample note 704'),
(705, 1, '2025-06-21', 58038.96, 8, 'Income', 'UPI', 'Sample note 705'),
(706, 1, '2024-10-23', 7112.8, 5, 'Expense', 'Card', 'Sample note 706'),
(707, 2, '2024-04-15', 2195.14, 4, 'Expense', 'UPI', 'Sample note 707'),
(708, 1, '2024-08-01', 4595.77, 3, 'Expense', 'UPI', 'Sample note 708'),
(709, 1, '2025-04-05', 87600.96, 1, 'Income', 'Bank Transfer', 'Sample note 709'),
(710, 1, '2024-06-27', 2942.55, 5, 'Expense', 'UPI', 'Sample note 710'),
(711, 2, '2025-06-22', 6152.08, 4, 'Expense', 'UPI', 'Sample note 711'),
(712, 1, '2024-08-20', 41834.27, 2, 'Income', 'Bank Transfer', 'Sample note 712'),
(713, 1, '2024-06-08', 9782.46, 4, 'Expense', 'Cash', 'Sample note 713'),
(714, 2, '2024-08-19', 68300.39, 2, 'Income', 'Cash', 'Sample note 714'),
(715, 1, '2025-01-03', 5430.47, 6, 'Expense', 'UPI', 'Sample note 715'),
(716, 2, '2024-08-13', 383.2, 4, 'Expense', 'Bank Transfer', 'Sample note 716'),
(717, 2, '2024-06-29', 11525.06, 1, 'Income', 'Card', 'Sample note 717'),
(718, 2, '2024-11-20', 5346.35, 4, 'Expense', 'UPI', 'Sample note 718'),
(719, 1, '2024-11-05', 2451.04, 5, 'Expense', 'UPI', 'Sample note 719'),
(720, 2, '2024-08-30', 21006.49, 2, 'Income', 'Card', 'Sample note 720'),
(721, 2, '2024-11-09', 93168.97, 8, 'Income', 'Cash', 'Sample note 721'),
(722, 2, '2025-02-13', 6171.83, 4, 'Expense', 'UPI', 'Sample note 722'),
(723, 2, '2025-03-24', 83280.95, 8, 'Income', 'UPI', 'Sample note 723'),
(724, 1, '2024-03-09', 73654.52, 8, 'Income', 'Card', 'Sample note 724'),
(725, 1, '2024-11-06', 40906.84, 8, 'Income', 'Cash', 'Sample note 725'),
(726, 2, '2024-08-18', 5058.68, 2, 'Income', 'UPI', 'Sample note 726'),
(727, 2, '2024-03-26', 43732.43, 8, 'Income', 'Card', 'Sample note 727'),
(728, 2, '2024-02-23', 8736.82, 6, 'Expense', 'Cash', 'Sample note 728'),
(729, 1, '2025-02-17', 9872.58, 7, 'Expense', 'Cash', 'Sample note 729'),
(730, 2, '2025-02-11', 536.16, 4, 'Expense', 'Card', 'Sample note 730'),
(731, 1, '2024-05-30', 4988.6, 4, 'Expense', 'Bank Transfer', 'Sample note 731'),
(732, 2, '2024-05-05', 69324.23, 8, 'Income', 'Card', 'Sample note 732'),
(733, 2, '2025-05-13', 5374.59, 7, 'Expense', 'Bank Transfer', 'Sample note 733'),
(734, 2, '2024-07-18', 5088.25, 6, 'Expense', 'UPI', 'Sample note 734'),
(735, 2, '2025-05-31', 35175.68, 1, 'Income', 'UPI', 'Sample note 735'),
(736, 1, '2024-07-08', 8533.09, 6, 'Expense', 'Bank Transfer', 'Sample note 736'),
(737, 1, '2025-04-03', 8880.53, 5, 'Expense', 'Bank Transfer', 'Sample note 737'),
(738, 1, '2025-04-25', 4034.45, 4, 'Expense', 'Bank Transfer', 'Sample note 738'),
(739, 1, '2024-02-05', 24380.73, 1, 'Income', 'Bank Transfer', 'Sample note 739'),
(740, 2, '2025-01-21', 70760.48, 8, 'Income', 'Cash', 'Sample note 740'),
(741, 2, '2024-06-10', 1989.99, 5, 'Expense', 'Bank Transfer', 'Sample note 741'),
(742, 2, '2024-11-05', 920.69, 5, 'Expense', 'UPI', 'Sample note 742'),
(743, 2, '2024-03-28', 3154.89, 7, 'Expense', 'Cash', 'Sample note 743'),
(744, 1, '2025-04-22', 2655.4, 4, 'Expense', 'Card', 'Sample note 744'),
(745, 1, '2025-03-17', 4868.52, 5, 'Expense', 'UPI', 'Sample note 745'),
(746, 1, '2025-04-11', 8195.76, 6, 'Expense', 'Bank Transfer', 'Sample note 746'),
(747, 2, '2024-04-29', 9194.43, 6, 'Expense', 'Card', 'Sample note 747'),
(748, 2, '2024-11-30', 60667.56, 8, 'Income', 'Cash', 'Sample note 748'),
(749, 1, '2025-01-25', 3596.4, 6, 'Expense', 'Cash', 'Sample note 749'),
(750, 1, '2024-06-05', 7456.65, 7, 'Expense', 'Cash', 'Sample note 750'),
(751, 2, '2025-03-29', 6542.25, 4, 'Expense', 'Bank Transfer', 'Sample note 751'),
(752, 2, '2024-06-04', 9233.77, 5, 'Expense', 'Bank Transfer', 'Sample note 752'),
(753, 1, '2024-06-29', 5128.81, 3, 'Expense', 'UPI', 'Sample note 753'),
(754, 2, '2024-06-23', 59807.98, 2, 'Income', 'Card', 'Sample note 754'),
(755, 2, '2024-09-06', 7999.29, 5, 'Expense', 'Cash', 'Sample note 755'),
(756, 2, '2024-12-28', 70487.95, 1, 'Income', 'Card', 'Sample note 756'),
(757, 1, '2024-11-07', 2428.51, 3, 'Expense', 'Bank Transfer', 'Sample note 757'),
(758, 2, '2024-09-24', 668.47, 6, 'Expense', 'UPI', 'Sample note 758'),
(759, 1, '2024-05-08', 778.68, 7, 'Expense', 'UPI', 'Sample note 759'),
(760, 2, '2024-12-10', 9787.72, 6, 'Expense', 'UPI', 'Sample note 760'),
(761, 2, '2025-01-31', 7150.02, 3, 'Expense', 'UPI', 'Sample note 761'),
(762, 2, '2025-05-10', 1710.09, 7, 'Expense', 'Cash', 'Sample note 762'),
(763, 2, '2024-04-08', 6611.26, 7, 'Expense', 'Card', 'Sample note 763'),
(764, 1, '2024-12-03', 3942.06, 5, 'Expense', 'Card', 'Sample note 764'),
(765, 2, '2024-04-28', 9062.87, 3, 'Expense', 'Bank Transfer', 'Sample note 765'),
(766, 1, '2024-01-27', 4975.75, 4, 'Expense', 'Card', 'Sample note 766'),
(767, 2, '2024-07-01', 6713.28, 5, 'Expense', 'Bank Transfer', 'Sample note 767'),
(768, 2, '2024-05-05', 54832.54, 1, 'Income', 'Bank Transfer', 'Sample note 768'),
(769, 2, '2025-06-09', 7399.81, 4, 'Expense', 'UPI', 'Sample note 769'),
(770, 2, '2025-05-12', 28185.31, 8, 'Income', 'UPI', 'Sample note 770'),
(771, 1, '2024-09-01', 7269.17, 7, 'Expense', 'Card', 'Sample note 771'),
(772, 1, '2025-01-17', 4891.92, 4, 'Expense', 'Card', 'Sample note 772'),
(773, 1, '2025-01-13', 71293.35, 8, 'Income', 'Card', 'Sample note 773'),
(774, 2, '2025-01-13', 26562.64, 8, 'Income', 'Card', 'Sample note 774'),
(775, 1, '2025-04-30', 7317.76, 4, 'Expense', 'Bank Transfer', 'Sample note 775'),
(776, 1, '2025-05-30', 5603.57, 7, 'Expense', 'Cash', 'Sample note 776'),
(777, 1, '2024-07-23', 8245.6, 5, 'Expense', 'Bank Transfer', 'Sample note 777'),
(778, 1, '2024-07-05', 9932.82, 7, 'Expense', 'Bank Transfer', 'Sample note 778'),
(779, 1, '2024-12-28', 7858.81, 7, 'Expense', 'Bank Transfer', 'Sample note 779'),
(780, 1, '2024-01-29', 28283.03, 1, 'Income', 'Cash', 'Sample note 780'),
(781, 1, '2024-04-02', 5565.33, 5, 'Expense', 'Cash', 'Sample note 781'),
(782, 2, '2024-07-20', 9474.43, 6, 'Expense', 'Bank Transfer', 'Sample note 782'),
(783, 1, '2024-02-04', 2164.31, 5, 'Expense', 'Cash', 'Sample note 783'),
(784, 1, '2024-09-04', 3449.56, 5, 'Expense', 'UPI', 'Sample note 784'),
(785, 1, '2024-06-04', 2743.39, 5, 'Expense', 'UPI', 'Sample note 785'),
(786, 2, '2025-01-25', 5941.65, 6, 'Expense', 'Card', 'Sample note 786'),
(787, 1, '2024-01-28', 36822.81, 8, 'Income', 'UPI', 'Sample note 787'),
(788, 2, '2025-06-09', 79485.51, 1, 'Income', 'Cash', 'Sample note 788'),
(789, 2, '2024-04-19', 8303.43, 4, 'Expense', 'Cash', 'Sample note 789'),
(790, 2, '2024-11-12', 59346.45, 8, 'Income', 'UPI', 'Sample note 790'),
(791, 1, '2024-02-19', 2513.85, 5, 'Expense', 'UPI', 'Sample note 791'),
(792, 2, '2025-01-08', 7729.73, 3, 'Expense', 'Card', 'Sample note 792'),
(793, 2, '2024-06-12', 71887.64, 1, 'Income', 'Card', 'Sample note 793'),
(794, 1, '2025-02-18', 6412.78, 7, 'Expense', 'Cash', 'Sample note 794'),
(795, 2, '2024-10-24', 7806.11, 3, 'Expense', 'Card', 'Sample note 795'),
(796, 2, '2024-08-16', 7583.01, 6, 'Expense', 'Bank Transfer', 'Sample note 796'),
(797, 1, '2024-10-07', 43199.87, 8, 'Income', 'Bank Transfer', 'Sample note 797'),
(798, 2, '2024-04-19', 2472.72, 2, 'Income', 'Bank Transfer', 'Sample note 798'),
(799, 2, '2024-04-04', 6160.5, 3, 'Expense', 'Bank Transfer', 'Sample note 799'),
(800, 1, '2025-05-18', 89081.63, 8, 'Income', 'Card', 'Sample note 800'),
(801, 2, '2025-01-03', 7559.3, 6, 'Expense', 'UPI', 'Sample note 801'),
(802, 1, '2024-01-08', 3079.07, 6, 'Expense', 'Cash', 'Sample note 802'),
(803, 2, '2024-10-16', 364.47, 6, 'Expense', 'UPI', 'Sample note 803'),
(804, 1, '2024-08-04', 39301.95, 8, 'Income', 'Bank Transfer', 'Sample note 804'),
(805, 2, '2025-03-01', 21690.39, 1, 'Income', 'Bank Transfer', 'Sample note 805'),
(806, 2, '2025-02-28', 393.33, 3, 'Expense', 'UPI', 'Sample note 806'),
(807, 1, '2024-02-23', 256.88, 5, 'Expense', 'Cash', 'Sample note 807'),
(808, 2, '2025-03-08', 3944.29, 6, 'Expense', 'Cash', 'Sample note 808'),
(809, 2, '2024-02-13', 9726.88, 6, 'Expense', 'UPI', 'Sample note 809'),
(810, 2, '2024-04-22', 90895.26, 8, 'Income', 'Bank Transfer', 'Sample note 810'),
(811, 1, '2024-09-12', 8378.72, 3, 'Expense', 'Card', 'Sample note 811'),
(812, 1, '2024-02-02', 46345.55, 1, 'Income', 'Cash', 'Sample note 812'),
(813, 2, '2024-11-02', 77076.63, 2, 'Income', 'Cash', 'Sample note 813'),
(814, 2, '2024-10-13', 189.78, 7, 'Expense', 'Bank Transfer', 'Sample note 814'),
(815, 1, '2025-02-06', 38632.49, 8, 'Income', 'Card', 'Sample note 815'),
(816, 2, '2024-11-17', 9241.15, 4, 'Expense', 'Card', 'Sample note 816'),
(817, 1, '2024-02-26', 7881.04, 7, 'Expense', 'Cash', 'Sample note 817'),
(818, 1, '2025-02-23', 234.16, 1, 'Income', 'Card', 'Sample note 818'),
(819, 2, '2024-04-22', 9485.68, 6, 'Expense', 'Cash', 'Sample note 819'),
(820, 2, '2024-12-10', 4526.7, 3, 'Expense', 'Cash', 'Sample note 820'),
(821, 1, '2024-11-24', 93915.72, 8, 'Income', 'Card', 'Sample note 821'),
(822, 1, '2024-04-22', 3118.83, 7, 'Expense', 'Bank Transfer', 'Sample note 822'),
(823, 2, '2025-05-05', 7288.82, 4, 'Expense', 'Card', 'Sample note 823'),
(824, 2, '2024-10-20', 9222.55, 3, 'Expense', 'UPI', 'Sample note 824'),
(825, 1, '2025-06-14', 4137.69, 7, 'Expense', 'UPI', 'Sample note 825'),
(826, 2, '2024-11-13', 2755.32, 2, 'Income', 'UPI', 'Sample note 826'),
(827, 1, '2025-02-25', 6824.17, 5, 'Expense', 'Bank Transfer', 'Sample note 827'),
(828, 2, '2024-05-20', 7861.52, 6, 'Expense', 'Card', 'Sample note 828'),
(829, 1, '2024-12-27', 85669.56, 1, 'Income', 'Bank Transfer', 'Sample note 829'),
(830, 2, '2024-08-11', 7495.41, 3, 'Expense', 'Card', 'Sample note 830'),
(831, 1, '2025-02-23', 24079.05, 1, 'Income', 'Card', 'Sample note 831'),
(832, 2, '2024-09-27', 6177.37, 3, 'Expense', 'UPI', 'Sample note 832'),
(833, 2, '2025-06-01', 1157.46, 8, 'Income', 'Card', 'Sample note 833'),
(834, 2, '2025-04-15', 7548.62, 5, 'Expense', 'Card', 'Sample note 834'),
(835, 2, '2025-05-01', 2098.63, 3, 'Expense', 'Cash', 'Sample note 835'),
(836, 2, '2025-05-16', 7010.19, 4, 'Expense', 'Cash', 'Sample note 836'),
(837, 2, '2024-07-25', 9228.49, 7, 'Expense', 'Bank Transfer', 'Sample note 837'),
(838, 1, '2024-09-07', 18915.11, 8, 'Income', 'Bank Transfer', 'Sample note 838'),
(839, 1, '2025-03-12', 4532.12, 7, 'Expense', 'Cash', 'Sample note 839'),
(840, 1, '2025-02-07', 2179.23, 5, 'Expense', 'Card', 'Sample note 840'),
(841, 1, '2024-06-07', 3512.14, 7, 'Expense', 'UPI', 'Sample note 841'),
(842, 2, '2025-03-26', 47722.24, 8, 'Income', 'Bank Transfer', 'Sample note 842'),
(843, 1, '2025-04-30', 7382.47, 3, 'Expense', 'Bank Transfer', 'Sample note 843'),
(844, 1, '2025-02-07', 123.68, 4, 'Expense', 'Card', 'Sample note 844'),
(845, 2, '2024-11-08', 36582.47, 2, 'Income', 'Cash', 'Sample note 845'),
(846, 1, '2024-05-04', 89146.64, 2, 'Income', 'UPI', 'Sample note 846'),
(847, 2, '2024-05-29', 218.25, 4, 'Expense', 'Bank Transfer', 'Sample note 847'),
(848, 2, '2024-03-09', 8572.05, 1, 'Income', 'UPI', 'Sample note 848'),
(849, 2, '2025-04-12', 96459.93, 1, 'Income', 'Cash', 'Sample note 849'),
(850, 1, '2024-08-17', 3249.36, 4, 'Expense', 'Cash', 'Sample note 850'),
(851, 2, '2024-12-29', 6553.65, 4, 'Expense', 'Card', 'Sample note 851'),
(852, 2, '2024-03-31', 42924.23, 8, 'Income', 'Cash', 'Sample note 852'),
(853, 2, '2025-05-19', 613.54, 7, 'Expense', 'UPI', 'Sample note 853'),
(854, 1, '2024-07-25', 2325.89, 7, 'Expense', 'UPI', 'Sample note 854'),
(855, 2, '2025-06-22', 9469.97, 3, 'Expense', 'Bank Transfer', 'Sample note 855'),
(856, 1, '2024-12-25', 48843.29, 2, 'Income', 'UPI', 'Sample note 856'),
(857, 2, '2025-06-17', 99644.42, 2, 'Income', 'Card', 'Sample note 857'),
(858, 1, '2025-04-27', 737.93, 6, 'Expense', 'Bank Transfer', 'Sample note 858'),
(859, 1, '2025-03-03', 5892.87, 1, 'Income', 'Card', 'Sample note 859'),
(860, 2, '2024-02-25', 6668.04, 5, 'Expense', 'Cash', 'Sample note 860'),
(861, 2, '2025-01-17', 2181.74, 3, 'Expense', 'Cash', 'Sample note 861'),
(862, 1, '2025-03-21', 6502.81, 7, 'Expense', 'UPI', 'Sample note 862'),
(863, 2, '2025-04-03', 7759.2, 3, 'Expense', 'Cash', 'Sample note 863'),
(864, 2, '2024-05-18', 3676.08, 6, 'Expense', 'UPI', 'Sample note 864'),
(865, 1, '2024-07-16', 584.97, 4, 'Expense', 'Cash', 'Sample note 865'),
(866, 2, '2024-11-23', 5508.77, 6, 'Expense', 'Bank Transfer', 'Sample note 866'),
(867, 2, '2024-03-22', 4006.97, 5, 'Expense', 'UPI', 'Sample note 867'),
(868, 1, '2025-03-05', 20771.31, 1, 'Income', 'UPI', 'Sample note 868'),
(869, 2, '2024-03-09', 11088.17, 1, 'Income', 'Cash', 'Sample note 869'),
(870, 2, '2024-03-18', 3957.31, 5, 'Expense', 'Card', 'Sample note 870'),
(871, 1, '2024-08-16', 6746.64, 7, 'Expense', 'Card', 'Sample note 871'),
(872, 2, '2024-09-13', 70032.2, 1, 'Income', 'Card', 'Sample note 872'),
(873, 2, '2024-06-14', 82146.23, 1, 'Income', 'Card', 'Sample note 873'),
(874, 2, '2024-12-03', 9210.71, 6, 'Expense', 'Card', 'Sample note 874'),
(875, 2, '2024-08-09', 4144.71, 3, 'Expense', 'UPI', 'Sample note 875'),
(876, 1, '2025-03-19', 93187.2, 2, 'Income', 'Bank Transfer', 'Sample note 876'),
(877, 2, '2024-10-15', 456.13, 3, 'Expense', 'Card', 'Sample note 877'),
(878, 1, '2025-04-21', 9189.37, 6, 'Expense', 'UPI', 'Sample note 878'),
(879, 1, '2024-09-21', 6754.08, 3, 'Expense', 'Cash', 'Sample note 879'),
(880, 1, '2024-02-04', 73966.21, 8, 'Income', 'UPI', 'Sample note 880'),
(881, 1, '2024-04-16', 68133.46, 1, 'Income', 'Cash', 'Sample note 881'),
(882, 1, '2024-06-14', 9180.93, 5, 'Expense', 'Card', 'Sample note 882'),
(883, 1, '2024-10-31', 7440.64, 5, 'Expense', 'UPI', 'Sample note 883'),
(884, 1, '2025-03-20', 4697.54, 6, 'Expense', 'Bank Transfer', 'Sample note 884'),
(885, 1, '2024-11-13', 2395.45, 7, 'Expense', 'Cash', 'Sample note 885'),
(886, 2, '2025-04-23', 9014.03, 7, 'Expense', 'UPI', 'Sample note 886'),
(887, 2, '2025-02-07', 6619.35, 7, 'Expense', 'Cash', 'Sample note 887'),
(888, 1, '2024-01-27', 7313.55, 7, 'Expense', 'Bank Transfer', 'Sample note 888'),
(889, 1, '2024-09-22', 2051.24, 7, 'Expense', 'Card', 'Sample note 889'),
(890, 1, '2024-11-24', 1783.63, 3, 'Expense', 'Card', 'Sample note 890'),
(891, 2, '2024-11-14', 1724.61, 5, 'Expense', 'Card', 'Sample note 891'),
(892, 1, '2025-01-22', 3861.81, 3, 'Expense', 'Cash', 'Sample note 892'),
(893, 2, '2024-07-17', 9569.0, 4, 'Expense', 'Cash', 'Sample note 893'),
(894, 2, '2024-11-13', 1143.96, 3, 'Expense', 'UPI', 'Sample note 894'),
(895, 1, '2025-03-05', 91262.3, 1, 'Income', 'Bank Transfer', 'Sample note 895'),
(896, 2, '2024-11-14', 1792.05, 7, 'Expense', 'Card', 'Sample note 896'),
(897, 2, '2025-03-05', 27118.88, 2, 'Income', 'Cash', 'Sample note 897'),
(898, 2, '2024-10-27', 180.56, 6, 'Expense', 'Cash', 'Sample note 898'),
(899, 1, '2024-01-10', 41914.92, 8, 'Income', 'Cash', 'Sample note 899'),
(900, 2, '2024-09-03', 3573.16, 7, 'Expense', 'UPI', 'Sample note 900'),
(901, 1, '2024-11-28', 69135.44, 2, 'Income', 'Card', 'Sample note 901'),
(902, 2, '2025-02-20', 92155.6, 1, 'Income', 'Card', 'Sample note 902'),
(903, 2, '2024-03-15', 9333.93, 3, 'Expense', 'Bank Transfer', 'Sample note 903'),
(904, 2, '2024-03-28', 33022.82, 1, 'Income', 'UPI', 'Sample note 904'),
(905, 1, '2024-07-19', 92672.97, 8, 'Income', 'UPI', 'Sample note 905'),
(906, 1, '2024-07-27', 809.93, 7, 'Expense', 'UPI', 'Sample note 906'),
(907, 2, '2024-05-31', 88195.15, 8, 'Income', 'Cash', 'Sample note 907'),
(908, 1, '2024-12-12', 9229.44, 6, 'Expense', 'UPI', 'Sample note 908'),
(909, 2, '2024-06-21', 795.7, 6, 'Expense', 'UPI', 'Sample note 909'),
(910, 2, '2024-02-08', 52490.88, 8, 'Income', 'Cash', 'Sample note 910'),
(911, 1, '2024-06-20', 9528.58, 6, 'Expense', 'UPI', 'Sample note 911'),
(912, 2, '2024-02-14', 9614.24, 4, 'Expense', 'UPI', 'Sample note 912'),
(913, 1, '2024-10-09', 27550.9, 1, 'Income', 'Cash', 'Sample note 913'),
(914, 1, '2024-08-10', 2841.42, 4, 'Expense', 'UPI', 'Sample note 914'),
(915, 1, '2025-03-24', 28948.82, 2, 'Income', 'Bank Transfer', 'Sample note 915'),
(916, 2, '2025-01-10', 51185.44, 1, 'Income', 'Cash', 'Sample note 916'),
(917, 1, '2025-06-14', 7784.82, 2, 'Income', 'UPI', 'Sample note 917'),
(918, 2, '2025-03-10', 8637.84, 1, 'Income', 'Cash', 'Sample note 918'),
(919, 2, '2025-06-06', 8398.98, 6, 'Expense', 'Card', 'Sample note 919'),
(920, 1, '2024-02-16', 2567.6, 5, 'Expense', 'Card', 'Sample note 920'),
(921, 1, '2025-01-09', 1996.97, 7, 'Expense', 'Cash', 'Sample note 921'),
(922, 1, '2024-02-28', 3600.36, 6, 'Expense', 'Cash', 'Sample note 922'),
(923, 1, '2024-07-01', 7431.19, 3, 'Expense', 'Card', 'Sample note 923'),
(924, 2, '2025-02-21', 6852.57, 3, 'Expense', 'Card', 'Sample note 924'),
(925, 1, '2024-07-13', 8123.21, 4, 'Expense', 'UPI', 'Sample note 925'),
(926, 1, '2024-07-10', 81517.34, 1, 'Income', 'Cash', 'Sample note 926'),
(927, 1, '2024-03-24', 49043.63, 8, 'Income', 'Bank Transfer', 'Sample note 927'),
(928, 2, '2024-08-09', 1339.6, 3, 'Expense', 'Card', 'Sample note 928'),
(929, 1, '2024-11-16', 32008.6, 2, 'Income', 'Bank Transfer', 'Sample note 929'),
(930, 2, '2024-09-08', 8429.06, 6, 'Expense', 'UPI', 'Sample note 930'),
(931, 2, '2024-09-13', 1329.27, 7, 'Expense', 'Cash', 'Sample note 931'),
(932, 1, '2024-04-29', 31119.85, 8, 'Income', 'Bank Transfer', 'Sample note 932'),
(933, 1, '2024-12-22', 15544.13, 1, 'Income', 'Cash', 'Sample note 933'),
(934, 1, '2025-05-10', 9807.35, 7, 'Expense', 'UPI', 'Sample note 934'),
(935, 2, '2025-03-04', 5640.74, 7, 'Expense', 'Cash', 'Sample note 935'),
(936, 2, '2024-12-18', 3622.48, 4, 'Expense', 'Cash', 'Sample note 936'),
(937, 2, '2025-05-11', 11189.03, 2, 'Income', 'UPI', 'Sample note 937'),
(938, 1, '2024-07-31', 98465.06, 8, 'Income', 'Cash', 'Sample note 938'),
(939, 1, '2024-04-06', 514.9, 4, 'Expense', 'Card', 'Sample note 939'),
(940, 2, '2024-11-10', 6628.94, 1, 'Income', 'Cash', 'Sample note 940'),
(941, 2, '2024-03-21', 1116.25, 6, 'Expense', 'UPI', 'Sample note 941'),
(942, 2, '2024-09-02', 5529.15, 4, 'Expense', 'Card', 'Sample note 942'),
(943, 1, '2025-05-19', 73101.1, 2, 'Income', 'Bank Transfer', 'Sample note 943'),
(944, 1, '2024-11-15', 2974.19, 4, 'Expense', 'Cash', 'Sample note 944'),
(945, 2, '2024-08-29', 58487.89, 8, 'Income', 'Cash', 'Sample note 945'),
(946, 2, '2024-03-06', 2533.84, 5, 'Expense', 'UPI', 'Sample note 946'),
(947, 2, '2025-06-24', 829.37, 4, 'Expense', 'Card', 'Sample note 947'),
(948, 2, '2024-12-24', 1692.69, 6, 'Expense', 'Bank Transfer', 'Sample note 948'),
(949, 1, '2024-08-26', 43289.31, 1, 'Income', 'Cash', 'Sample note 949'),
(950, 2, '2024-09-28', 1370.96, 5, 'Expense', 'Cash', 'Sample note 950'),
(951, 1, '2024-06-29', 5939.31, 7, 'Expense', 'Cash', 'Sample note 951'),
(952, 2, '2025-02-23', 334.91, 4, 'Expense', 'Bank Transfer', 'Sample note 952'),
(953, 2, '2025-05-22', 59719.95, 1, 'Income', 'Card', 'Sample note 953'),
(954, 1, '2025-05-08', 2644.92, 5, 'Expense', 'UPI', 'Sample note 954'),
(955, 2, '2024-09-19', 96159.87, 2, 'Income', 'UPI', 'Sample note 955'),
(956, 1, '2024-06-23', 720.32, 3, 'Expense', 'Cash', 'Sample note 956'),
(957, 1, '2025-05-19', 4583.47, 4, 'Expense', 'Card', 'Sample note 957'),
(958, 1, '2024-06-21', 24398.09, 8, 'Income', 'Card', 'Sample note 958'),
(959, 1, '2024-02-03', 1228.83, 7, 'Expense', 'Bank Transfer', 'Sample note 959'),
(960, 2, '2024-05-15', 6321.61, 3, 'Expense', 'UPI', 'Sample note 960'),
(961, 2, '2025-05-20', 3229.08, 4, 'Expense', 'Cash', 'Sample note 961'),
(962, 2, '2024-02-04', 4978.3, 3, 'Expense', 'Bank Transfer', 'Sample note 962'),
(963, 1, '2024-02-29', 6723.3, 6, 'Expense', 'Bank Transfer', 'Sample note 963'),
(964, 1, '2024-12-17', 8328.64, 7, 'Expense', 'Cash', 'Sample note 964'),
(965, 2, '2024-09-01', 9592.13, 3, 'Expense', 'Card', 'Sample note 965'),
(966, 1, '2025-04-17', 96548.07, 8, 'Income', 'UPI', 'Sample note 966'),
(967, 1, '2025-02-14', 4268.87, 6, 'Expense', 'Bank Transfer', 'Sample note 967'),
(968, 2, '2024-06-15', 14136.96, 2, 'Income', 'Cash', 'Sample note 968'),
(969, 2, '2024-06-02', 7770.44, 7, 'Expense', 'UPI', 'Sample note 969'),
(970, 1, '2024-09-26', 1920.08, 3, 'Expense', 'Bank Transfer', 'Sample note 970'),
(971, 2, '2024-01-21', 1943.65, 3, 'Expense', 'UPI', 'Sample note 971'),
(972, 1, '2024-11-05', 58400.87, 2, 'Income', 'Card', 'Sample note 972'),
(973, 1, '2024-11-06', 13348.39, 8, 'Income', 'UPI', 'Sample note 973'),
(974, 2, '2024-07-29', 7119.02, 6, 'Expense', 'UPI', 'Sample note 974'),
(975, 1, '2024-12-27', 4919.71, 4, 'Expense', 'Card', 'Sample note 975'),
(976, 1, '2024-02-03', 1048.89, 5, 'Expense', 'Bank Transfer', 'Sample note 976'),
(977, 1, '2025-02-21', 3236.19, 5, 'Expense', 'UPI', 'Sample note 977'),
(978, 1, '2024-04-09', 61779.54, 1, 'Income', 'UPI', 'Sample note 978'),
(979, 1, '2024-04-27', 7100.67, 6, 'Expense', 'Cash', 'Sample note 979'),
(980, 2, '2024-02-12', 6706.23, 5, 'Expense', 'UPI', 'Sample note 980'),
(981, 1, '2024-10-17', 3632.53, 5, 'Expense', 'Cash', 'Sample note 981'),
(982, 1, '2024-06-24', 4759.05, 6, 'Expense', 'UPI', 'Sample note 982'),
(983, 2, '2024-02-19', 68274.48, 8, 'Income', 'Cash', 'Sample note 983'),
(984, 1, '2024-06-25', 1161.18, 8, 'Income', 'Bank Transfer', 'Sample note 984'),
(985, 2, '2024-11-28', 1570.02, 4, 'Expense', 'UPI', 'Sample note 985'),
(986, 1, '2024-12-06', 9529.33, 4, 'Expense', 'UPI', 'Sample note 986'),
(987, 2, '2024-07-02', 8357.03, 4, 'Expense', 'Card', 'Sample note 987'),
(988, 1, '2024-05-18', 3685.27, 4, 'Expense', 'Card', 'Sample note 988'),
(989, 1, '2024-10-30', 9260.96, 3, 'Expense', 'Card', 'Sample note 989'),
(990, 1, '2024-03-21', 94534.51, 1, 'Income', 'Cash', 'Sample note 990'),
(991, 2, '2025-06-11', 1472.65, 7, 'Expense', 'Bank Transfer', 'Sample note 991'),
(992, 1, '2025-04-22', 58156.53, 8, 'Income', 'Bank Transfer', 'Sample note 992'),
(993, 2, '2025-06-05', 7977.3, 3, 'Expense', 'Card', 'Sample note 993'),
(994, 1, '2025-01-07', 63282.82, 2, 'Income', 'Cash', 'Sample note 994'),
(995, 1, '2024-08-01', 52977.39, 1, 'Income', 'UPI', 'Sample note 995'),
(996, 2, '2024-06-12', 7884.63, 5, 'Expense', 'UPI', 'Sample note 996'),
(997, 1, '2024-03-28', 6343.37, 5, 'Expense', 'UPI', 'Sample note 997'),
(998, 1, '2024-09-02', 4018.01, 8, 'Income', 'Bank Transfer', 'Sample note 998'),
(999, 1, '2024-01-01', 8255.1, 3, 'Expense', 'Card', 'Sample note 999'),
(1000, 2, '2025-06-03', 5576.27, 7, 'Expense', 'Card', 'Sample note 1000');